,Date,ANFCI
0,1971-01-08,0.513
1,1971-01-15,0.575
2,1971-01-22,0.656
3,1971-01-29,0.745
4,1971-02-05,0.835
5,1971-02-12,0.913
6,1971-02-19,0.972
7,1971-02-26,1.009
8,1971-03-05,1.026
9,1971-03-12,1.031
10,1971-03-19,1.035
11,1971-03-26,1.056
12,1971-04-02,1.109
13,1971-04-09,1.205
14,1971-04-16,1.347
15,1971-04-23,1.521
16,1971-04-30,1.706
17,1971-05-07,1.87
18,1971-05-14,1.978
19,1971-05-21,2.002
20,1971-05-28,1.928
21,1971-06-04,1.758
22,1971-06-11,1.501
23,1971-06-18,1.195
24,1971-06-25,0.883
25,1971-07-02,0.613
26,1971-07-09,0.441
27,1971-07-16,0.409
28,1971-07-23,0.54
29,1971-07-30,0.83
30,1971-08-06,1.243
31,1971-08-13,1.718
32,1971-08-20,2.185
33,1971-08-27,2.571
34,1971-09-03,2.83
35,1971-09-10,2.934
36,1971-09-17,2.888
37,1971-09-24,2.712
38,1971-10-01,2.445
39,1971-10-08,2.133
40,1971-10-15,1.824
41,1971-10-22,1.562
42,1971-10-29,1.378
43,1971-11-05,1.289
44,1971-11-12,1.292
45,1971-11-19,1.372
46,1971-11-26,1.501
47,1971-12-03,1.646
48,1971-12-10,1.777
49,1971-12-17,1.865
50,1971-12-24,1.89
51,1971-12-31,1.849
52,1972-01-07,1.733
53,1972-01-14,1.568
54,1972-01-21,1.37
55,1972-01-28,1.165
56,1972-02-04,0.975
57,1972-02-11,0.815
58,1972-02-18,0.691
59,1972-02-25,0.605
60,1972-03-03,0.554
61,1972-03-10,0.532
62,1972-03-17,0.532
63,1972-03-24,0.54
64,1972-03-31,0.543
65,1972-04-07,0.528
66,1972-04-14,0.489
67,1972-04-21,0.419
68,1972-04-28,0.329
69,1972-05-05,0.227
70,1972-05-12,0.13
71,1972-05-19,0.055
72,1972-05-26,0.017
73,1972-06-02,0.023
74,1972-06-09,0.077
75,1972-06-16,0.173
76,1972-06-23,0.299
77,1972-06-30,0.436
78,1972-07-07,0.564
79,1972-07-14,0.663
80,1972-07-21,0.717
81,1972-07-28,0.714
82,1972-08-04,0.65
83,1972-08-11,0.531
84,1972-08-18,0.368
85,1972-08-25,0.182
86,1972-09-01,-0.006
87,1972-09-08,-0.17
88,1972-09-15,-0.295
89,1972-09-22,-0.374
90,1972-09-29,-0.407
91,1972-10-06,-0.405
92,1972-10-13,-0.381
93,1972-10-20,-0.35
94,1972-10-27,-0.322
95,1972-11-03,-0.309
96,1972-11-10,-0.315
97,1972-11-17,-0.346
98,1972-11-24,-0.4
99,1972-12-01,-0.472
100,1972-12-08,-0.55
101,1972-12-15,-0.622
102,1972-12-22,-0.669
103,1972-12-29,-0.674
104,1973-01-05,-0.626
105,1973-01-12,-0.517
106,1973-01-19,-0.346
107,1973-01-26,-0.12
108,1973-02-02,0.146
109,1973-02-09,0.429
110,1973-02-16,0.702
111,1973-02-23,0.94
112,1973-03-02,1.121
113,1973-03-09,1.233
114,1973-03-16,1.277
115,1973-03-23,1.265
116,1973-03-30,1.215
117,1973-04-06,1.143
118,1973-04-13,1.07
119,1973-04-20,1.003
120,1973-04-27,0.946
121,1973-05-04,0.897
122,1973-05-11,0.851
123,1973-05-18,0.802
124,1973-05-25,0.752
125,1973-06-01,0.704
126,1973-06-08,0.669
127,1973-06-15,0.657
128,1973-06-22,0.677
129,1973-06-29,0.735
130,1973-07-06,0.831
131,1973-07-13,0.964
132,1973-07-20,1.126
133,1973-07-27,1.31
134,1973-08-03,1.506
135,1973-08-10,1.701
136,1973-08-17,1.881
137,1973-08-24,2.035
138,1973-08-31,2.15
139,1973-09-07,2.217
140,1973-09-14,2.235
141,1973-09-21,2.204
142,1973-09-28,2.125
143,1973-10-05,1.997
144,1973-10-12,1.835
145,1973-10-19,1.651
146,1973-10-26,1.479
147,1973-11-02,1.348
148,1973-11-09,1.291
149,1973-11-16,1.322
150,1973-11-23,1.425
151,1973-11-30,1.565
152,1973-12-07,1.689
153,1973-12-14,1.752
154,1973-12-21,1.724
155,1973-12-28,1.599
156,1974-01-04,1.391
157,1974-01-11,1.131
158,1974-01-18,0.844
159,1974-01-25,0.554
160,1974-02-01,0.278
161,1974-02-08,0.033
162,1974-02-15,-0.165
163,1974-02-22,-0.298
164,1974-03-01,-0.355
165,1974-03-08,-0.334
166,1974-03-15,-0.241
167,1974-03-22,-0.093
168,1974-03-29,0.094
169,1974-04-05,0.312
170,1974-04-12,0.561
171,1974-04-19,0.843
172,1974-04-26,1.161
173,1974-05-03,1.511
174,1974-05-10,1.889
175,1974-05-17,2.29
176,1974-05-24,2.707
177,1974-05-31,3.142
178,1974-06-07,3.592
179,1974-06-14,4.041
180,1974-06-21,4.463
181,1974-06-28,4.819
182,1974-07-05,5.072
183,1974-07-12,5.198
184,1974-07-19,5.196
185,1974-07-26,5.087
186,1974-08-02,4.907
187,1974-08-09,4.692
188,1974-08-16,4.484
189,1974-08-23,4.307
190,1974-08-30,4.178
191,1974-09-06,4.091
192,1974-09-13,4.031
193,1974-09-20,3.969
194,1974-09-27,3.865
195,1974-10-04,3.696
196,1974-10-11,3.452
197,1974-10-18,3.157
198,1974-10-25,2.85
199,1974-11-01,2.575
200,1974-11-08,2.371
201,1974-11-15,2.254
202,1974-11-22,2.218
203,1974-11-29,2.241
204,1974-12-06,2.294
205,1974-12-13,2.344
206,1974-12-20,2.366
207,1974-12-27,2.336
208,1975-01-03,2.241
209,1975-01-10,2.079
210,1975-01-17,1.86
211,1975-01-24,1.605
212,1975-01-31,1.342
213,1975-02-07,1.095
214,1975-02-14,0.885
215,1975-02-21,0.714
216,1975-02-28,0.58
217,1975-03-07,0.475
218,1975-03-14,0.391
219,1975-03-21,0.322
220,1975-03-28,0.26
221,1975-04-04,0.202
222,1975-04-11,0.14
223,1975-04-18,0.068
224,1975-04-25,-0.021
225,1975-05-02,-0.121
226,1975-05-09,-0.227
227,1975-05-16,-0.328
228,1975-05-23,-0.414
229,1975-05-30,-0.475
230,1975-06-06,-0.508
231,1975-06-13,-0.518
232,1975-06-20,-0.513
233,1975-06-27,-0.501
234,1975-07-04,-0.489
235,1975-07-11,-0.483
236,1975-07-18,-0.488
237,1975-07-25,-0.501
238,1975-08-01,-0.519
239,1975-08-08,-0.538
240,1975-08-15,-0.553
241,1975-08-22,-0.557
242,1975-08-29,-0.546
243,1975-09-05,-0.521
244,1975-09-12,-0.481
245,1975-09-19,-0.432
246,1975-09-26,-0.382
247,1975-10-03,-0.337
248,1975-10-10,-0.301
249,1975-10-17,-0.275
250,1975-10-24,-0.258
251,1975-10-31,-0.246
252,1975-11-07,-0.242
253,1975-11-14,-0.243
254,1975-11-21,-0.253
255,1975-11-28,-0.275
256,1975-12-05,-0.31
257,1975-12-12,-0.359
258,1975-12-19,-0.421
259,1975-12-26,-0.496
260,1976-01-02,-0.581
261,1976-01-09,-0.67
262,1976-01-16,-0.759
263,1976-01-23,-0.841
264,1976-01-30,-0.91
265,1976-02-06,-0.963
266,1976-02-13,-0.996
267,1976-02-20,-1.015
268,1976-02-27,-1.022
269,1976-03-05,-1.021
270,1976-03-12,-1.013
271,1976-03-19,-1.0
272,1976-03-26,-0.981
273,1976-04-02,-0.953
274,1976-04-09,-0.914
275,1976-04-16,-0.864
276,1976-04-23,-0.802
277,1976-04-30,-0.731
278,1976-05-07,-0.651
279,1976-05-14,-0.569
280,1976-05-21,-0.49
281,1976-05-28,-0.424
282,1976-06-04,-0.378
283,1976-06-11,-0.36
284,1976-06-18,-0.369
285,1976-06-25,-0.405
286,1976-07-02,-0.461
287,1976-07-09,-0.532
288,1976-07-16,-0.61
289,1976-07-23,-0.69
290,1976-07-30,-0.766
291,1976-08-06,-0.836
292,1976-08-13,-0.896
293,1976-08-20,-0.947
294,1976-08-27,-0.987
295,1976-09-03,-1.019
296,1976-09-10,-1.045
297,1976-09-17,-1.069
298,1976-09-24,-1.093
299,1976-10-01,-1.115
300,1976-10-08,-1.137
301,1976-10-15,-1.155
302,1976-10-22,-1.164
303,1976-10-29,-1.162
304,1976-11-05,-1.148
305,1976-11-12,-1.122
306,1976-11-19,-1.088
307,1976-11-26,-1.052
308,1976-12-03,-1.021
309,1976-12-10,-1.003
310,1976-12-17,-1.001
311,1976-12-24,-1.018
312,1976-12-31,-1.052
313,1977-01-07,-1.099
314,1977-01-14,-1.151
315,1977-01-21,-1.202
316,1977-01-28,-1.247
317,1977-02-04,-1.28
318,1977-02-11,-1.299
319,1977-02-18,-1.305
320,1977-02-25,-1.297
321,1977-03-04,-1.279
322,1977-03-11,-1.253
323,1977-03-18,-1.224
324,1977-03-25,-1.196
325,1977-04-01,-1.171
326,1977-04-08,-1.15
327,1977-04-15,-1.127
328,1977-04-22,-1.103
329,1977-04-29,-1.074
330,1977-05-06,-1.043
331,1977-05-13,-1.011
332,1977-05-20,-0.985
333,1977-05-27,-0.966
334,1977-06-03,-0.958
335,1977-06-10,-0.962
336,1977-06-17,-0.975
337,1977-06-24,-0.998
338,1977-07-01,-1.028
339,1977-07-08,-1.061
340,1977-07-15,-1.091
341,1977-07-22,-1.113
342,1977-07-29,-1.121
343,1977-08-05,-1.114
344,1977-08-12,-1.094
345,1977-08-19,-1.065
346,1977-08-26,-1.032
347,1977-09-02,-0.997
348,1977-09-09,-0.962
349,1977-09-16,-0.924
350,1977-09-23,-0.883
351,1977-09-30,-0.838
352,1977-10-07,-0.792
353,1977-10-14,-0.747
354,1977-10-21,-0.705
355,1977-10-28,-0.665
356,1977-11-04,-0.626
357,1977-11-11,-0.588
358,1977-11-18,-0.552
359,1977-11-25,-0.52
360,1977-12-02,-0.496
361,1977-12-09,-0.484
362,1977-12-16,-0.486
363,1977-12-23,-0.5
364,1977-12-30,-0.524
365,1978-01-06,-0.553
366,1978-01-13,-0.584
367,1978-01-20,-0.613
368,1978-01-27,-0.636
369,1978-02-03,-0.651
370,1978-02-10,-0.654
371,1978-02-17,-0.641
372,1978-02-24,-0.614
373,1978-03-03,-0.576
374,1978-03-10,-0.53
375,1978-03-17,-0.481
376,1978-03-24,-0.434
377,1978-03-31,-0.388
378,1978-04-07,-0.343
379,1978-04-14,-0.296
380,1978-04-21,-0.246
381,1978-04-28,-0.194
382,1978-05-05,-0.144
383,1978-05-12,-0.096
384,1978-05-19,-0.052
385,1978-05-26,-0.012
386,1978-06-02,0.024
387,1978-06-09,0.054
388,1978-06-16,0.08
389,1978-06-23,0.098
390,1978-06-30,0.108
391,1978-07-07,0.109
392,1978-07-14,0.099
393,1978-07-21,0.077
394,1978-07-28,0.04
395,1978-08-04,-0.013
396,1978-08-11,-0.078
397,1978-08-18,-0.146
398,1978-08-25,-0.199
399,1978-09-01,-0.223
400,1978-09-08,-0.198
401,1978-09-15,-0.113
402,1978-09-22,0.034
403,1978-09-29,0.242
404,1978-10-06,0.498
405,1978-10-13,0.785
406,1978-10-20,1.082
407,1978-10-27,1.364
408,1978-11-03,1.601
409,1978-11-10,1.776
410,1978-11-17,1.875
411,1978-11-24,1.891
412,1978-12-01,1.839
413,1978-12-08,1.734
414,1978-12-15,1.594
415,1978-12-22,1.434
416,1978-12-29,1.263
417,1979-01-05,1.084
418,1979-01-12,0.902
419,1979-01-19,0.722
420,1979-01-26,0.551
421,1979-02-02,0.397
422,1979-02-09,0.265
423,1979-02-16,0.151
424,1979-02-23,0.051
425,1979-03-02,-0.042
426,1979-03-09,-0.131
427,1979-03-16,-0.215
428,1979-03-23,-0.287
429,1979-03-30,-0.341
430,1979-04-06,-0.377
431,1979-04-13,-0.395
432,1979-04-20,-0.403
433,1979-04-27,-0.406
434,1979-05-04,-0.404
435,1979-05-11,-0.393
436,1979-05-18,-0.366
437,1979-05-25,-0.319
438,1979-06-01,-0.253
439,1979-06-08,-0.177
440,1979-06-15,-0.103
441,1979-06-22,-0.041
442,1979-06-29,0.009
443,1979-07-06,0.051
444,1979-07-13,0.094
445,1979-07-20,0.146
446,1979-07-27,0.21
447,1979-08-03,0.284
448,1979-08-10,0.367
449,1979-08-17,0.461
450,1979-08-24,0.572
451,1979-08-31,0.706
452,1979-09-07,0.863
453,1979-09-14,1.039
454,1979-09-21,1.222
455,1979-09-28,1.397
456,1979-10-05,1.556
457,1979-10-12,1.693
458,1979-10-19,1.806
459,1979-10-26,1.891
460,1979-11-02,1.944
461,1979-11-09,1.949
462,1979-11-16,1.901
463,1979-11-23,1.803
464,1979-11-30,1.67
465,1979-12-07,1.523
466,1979-12-14,1.383
467,1979-12-21,1.263
468,1979-12-28,1.156
469,1980-01-04,1.054
470,1980-01-11,0.956
471,1980-01-18,0.865
472,1980-01-25,0.804
473,1980-02-01,0.804
474,1980-02-08,0.887
475,1980-02-15,1.067
476,1980-02-22,1.338
477,1980-02-29,1.683
478,1980-03-07,2.07
479,1980-03-14,2.479
480,1980-03-21,2.876
481,1980-03-28,3.224
482,1980-04-04,3.498
483,1980-04-11,3.656
484,1980-04-18,3.676
485,1980-04-25,3.561
486,1980-05-02,3.333
487,1980-05-09,3.037
488,1980-05-16,2.73
489,1980-05-23,2.445
490,1980-05-30,2.19
491,1980-06-06,1.962
492,1980-06-13,1.735
493,1980-06-20,1.493
494,1980-06-27,1.245
495,1980-07-04,1.018
496,1980-07-11,0.831
497,1980-07-18,0.712
498,1980-07-25,0.654
499,1980-08-01,0.645
500,1980-08-08,0.669
501,1980-08-15,0.71
502,1980-08-22,0.756
503,1980-08-29,0.813
504,1980-09-05,0.877
505,1980-09-12,0.926
506,1980-09-19,0.959
507,1980-09-26,0.969
508,1980-10-03,0.961
509,1980-10-10,0.953
510,1980-10-17,0.981
511,1980-10-24,1.057
512,1980-10-31,1.2
513,1980-11-07,1.401
514,1980-11-14,1.638
515,1980-11-21,1.902
516,1980-11-28,2.177
517,1980-12-05,2.427
518,1980-12-12,2.632
519,1980-12-19,2.784
520,1980-12-26,2.825
521,1981-01-02,2.763
522,1981-01-09,2.597
523,1981-01-16,2.358
524,1981-01-23,2.083
525,1981-01-30,1.818
526,1981-02-06,1.583
527,1981-02-13,1.396
528,1981-02-20,1.255
529,1981-02-27,1.131
530,1981-03-06,1.033
531,1981-03-13,0.963
532,1981-03-20,0.931
533,1981-03-27,0.945
534,1981-04-03,1.009
535,1981-04-10,1.098
536,1981-04-17,1.203
537,1981-04-24,1.296
538,1981-05-01,1.384
539,1981-05-08,1.488
540,1981-05-15,1.626
541,1981-05-22,1.807
542,1981-05-29,2.041
543,1981-06-05,2.299
544,1981-06-12,2.567
545,1981-06-19,2.819
546,1981-06-26,3.046
547,1981-07-03,3.243
548,1981-07-10,3.405
549,1981-07-17,3.522
550,1981-07-24,3.575
551,1981-07-31,3.566
552,1981-08-07,3.494
553,1981-08-14,3.384
554,1981-08-21,3.269
555,1981-08-28,3.177
556,1981-09-04,3.11
557,1981-09-11,3.068
558,1981-09-18,3.023
559,1981-09-25,2.966
560,1981-10-02,2.909
561,1981-10-09,2.854
562,1981-10-16,2.821
563,1981-10-23,2.808
564,1981-10-30,2.796
565,1981-11-06,2.756
566,1981-11-13,2.681
567,1981-11-20,2.572
568,1981-11-27,2.46
569,1981-12-04,2.376
570,1981-12-11,2.331
571,1981-12-18,2.314
572,1981-12-25,2.307
573,1982-01-01,2.276
574,1982-01-08,2.216
575,1982-01-15,2.146
576,1982-01-22,2.089
577,1982-01-29,2.076
578,1982-02-05,2.105
579,1982-02-12,2.166
580,1982-02-19,2.232
581,1982-02-26,2.279
582,1982-03-05,2.292
583,1982-03-12,2.279
584,1982-03-19,2.264
585,1982-03-26,2.258
586,1982-04-02,2.264
587,1982-04-09,2.285
588,1982-04-16,2.314
589,1982-04-23,2.348
590,1982-04-30,2.401
591,1982-05-07,2.489
592,1982-05-14,2.624
593,1982-05-21,2.811
594,1982-05-28,3.028
595,1982-06-04,3.245
596,1982-06-11,3.436
597,1982-06-18,3.569
598,1982-06-25,3.627
599,1982-07-02,3.615
600,1982-07-09,3.548
601,1982-07-16,3.448
602,1982-07-23,3.352
603,1982-07-30,3.286
604,1982-08-06,3.281
605,1982-08-13,3.355
606,1982-08-20,3.507
607,1982-08-27,3.726
608,1982-09-03,3.975
609,1982-09-10,4.198
610,1982-09-17,4.334
611,1982-09-24,4.327
612,1982-10-01,4.152
613,1982-10-08,3.819
614,1982-10-15,3.371
615,1982-10-22,2.874
616,1982-10-29,2.391
617,1982-11-05,1.973
618,1982-11-12,1.647
619,1982-11-19,1.419
620,1982-11-26,1.28
621,1982-12-03,1.206
622,1982-12-10,1.169
623,1982-12-17,1.145
624,1982-12-24,1.104
625,1982-12-31,1.033
626,1983-01-07,0.932
627,1983-01-14,0.813
628,1983-01-21,0.69
629,1983-01-28,0.581
630,1983-02-04,0.496
631,1983-02-11,0.432
632,1983-02-18,0.388
633,1983-02-25,0.36
634,1983-03-04,0.34
635,1983-03-11,0.335
636,1983-03-18,0.343
637,1983-03-25,0.354
638,1983-04-01,0.359
639,1983-04-08,0.345
640,1983-04-15,0.302
641,1983-04-22,0.231
642,1983-04-29,0.142
643,1983-05-06,0.05
644,1983-05-13,-0.029
645,1983-05-20,-0.087
646,1983-05-27,-0.129
647,1983-06-03,-0.156
648,1983-06-10,-0.171
649,1983-06-17,-0.176
650,1983-06-24,-0.169
651,1983-07-01,-0.146
652,1983-07-08,-0.114
653,1983-07-15,-0.079
654,1983-07-22,-0.055
655,1983-07-29,-0.046
656,1983-08-05,-0.054
657,1983-08-12,-0.076
658,1983-08-19,-0.106
659,1983-08-26,-0.14
660,1983-09-02,-0.177
661,1983-09-09,-0.22
662,1983-09-16,-0.269
663,1983-09-23,-0.313
664,1983-09-30,-0.347
665,1983-10-07,-0.36
666,1983-10-14,-0.347
667,1983-10-21,-0.312
668,1983-10-28,-0.268
669,1983-11-04,-0.218
670,1983-11-11,-0.172
671,1983-11-18,-0.124
672,1983-11-25,-0.07
673,1983-12-02,-0.01
674,1983-12-09,0.05
675,1983-12-16,0.099
676,1983-12-23,0.123
677,1983-12-30,0.113
678,1984-01-06,0.075
679,1984-01-13,0.016
680,1984-01-20,-0.053
681,1984-01-27,-0.12
682,1984-02-03,-0.181
683,1984-02-10,-0.234
684,1984-02-17,-0.275
685,1984-02-24,-0.301
686,1984-03-02,-0.308
687,1984-03-09,-0.293
688,1984-03-16,-0.257
689,1984-03-23,-0.207
690,1984-03-30,-0.145
691,1984-04-06,-0.073
692,1984-04-13,0.012
693,1984-04-20,0.118
694,1984-04-27,0.247
695,1984-05-04,0.394
696,1984-05-11,0.55
697,1984-05-18,0.7
698,1984-05-25,0.836
699,1984-06-01,0.958
700,1984-06-08,1.065
701,1984-06-15,1.162
702,1984-06-22,1.241
703,1984-06-29,1.286
704,1984-07-06,1.281
705,1984-07-13,1.219
706,1984-07-20,1.108
707,1984-07-27,0.968
708,1984-08-03,0.826
709,1984-08-10,0.704
710,1984-08-17,0.614
711,1984-08-24,0.552
712,1984-08-31,0.507
713,1984-09-07,0.471
714,1984-09-14,0.434
715,1984-09-21,0.391
716,1984-09-28,0.342
717,1984-10-05,0.291
718,1984-10-12,0.236
719,1984-10-19,0.177
720,1984-10-26,0.116
721,1984-11-02,0.056
722,1984-11-09,-0.003
723,1984-11-16,-0.057
724,1984-11-23,-0.103
725,1984-11-30,-0.141
726,1984-12-07,-0.174
727,1984-12-14,-0.207
728,1984-12-21,-0.245
729,1984-12-28,-0.289
730,1985-01-04,-0.338
731,1985-01-11,-0.385
732,1985-01-18,-0.42
733,1985-01-25,-0.439
734,1985-02-01,-0.439
735,1985-02-08,-0.422
736,1985-02-15,-0.393
737,1985-02-22,-0.36
738,1985-03-01,-0.326
739,1985-03-08,-0.295
740,1985-03-15,-0.269
741,1985-03-22,-0.251
742,1985-03-29,-0.244
743,1985-04-05,-0.256
744,1985-04-12,-0.287
745,1985-04-19,-0.335
746,1985-04-26,-0.396
747,1985-05-03,-0.459
748,1985-05-10,-0.516
749,1985-05-17,-0.557
750,1985-05-24,-0.579
751,1985-05-31,-0.579
752,1985-06-07,-0.555
753,1985-06-14,-0.512
754,1985-06-21,-0.454
755,1985-06-28,-0.388
756,1985-07-05,-0.32
757,1985-07-12,-0.257
758,1985-07-19,-0.199
759,1985-07-26,-0.146
760,1985-08-02,-0.094
761,1985-08-09,-0.042
762,1985-08-16,0.011
763,1985-08-23,0.059
764,1985-08-30,0.101
765,1985-09-06,0.13
766,1985-09-13,0.143
767,1985-09-20,0.139
768,1985-09-27,0.118
769,1985-10-04,0.079
770,1985-10-11,0.026
771,1985-10-18,-0.035
772,1985-10-25,-0.096
773,1985-11-01,-0.146
774,1985-11-08,-0.176
775,1985-11-15,-0.181
776,1985-11-22,-0.159
777,1985-11-29,-0.119
778,1985-12-06,-0.073
779,1985-12-13,-0.03
780,1985-12-20,-0.001
781,1985-12-27,0.015
782,1986-01-03,0.016
783,1986-01-10,0.005
784,1986-01-17,-0.018
785,1986-01-24,-0.051
786,1986-01-31,-0.094
787,1986-02-07,-0.14
788,1986-02-14,-0.179
789,1986-02-21,-0.203
790,1986-02-28,-0.205
791,1986-03-07,-0.188
792,1986-03-14,-0.16
793,1986-03-21,-0.134
794,1986-03-28,-0.12
795,1986-04-04,-0.125
796,1986-04-11,-0.144
797,1986-04-18,-0.166
798,1986-04-25,-0.183
799,1986-05-02,-0.186
800,1986-05-09,-0.169
801,1986-05-16,-0.135
802,1986-05-23,-0.084
803,1986-05-30,-0.02
804,1986-06-06,0.052
805,1986-06-13,0.126
806,1986-06-20,0.193
807,1986-06-27,0.24
808,1986-07-04,0.259
809,1986-07-11,0.246
810,1986-07-18,0.198
811,1986-07-25,0.122
812,1986-08-01,0.028
813,1986-08-08,-0.069
814,1986-08-15,-0.154
815,1986-08-22,-0.214
816,1986-08-29,-0.24
817,1986-09-05,-0.231
818,1986-09-12,-0.193
819,1986-09-19,-0.142
820,1986-09-26,-0.092
821,1986-10-03,-0.054
822,1986-10-10,-0.037
823,1986-10-17,-0.039
824,1986-10-24,-0.054
825,1986-10-31,-0.078
826,1986-11-07,-0.107
827,1986-11-14,-0.135
828,1986-11-21,-0.158
829,1986-11-28,-0.171
830,1986-12-05,-0.17
831,1986-12-12,-0.155
832,1986-12-19,-0.131
833,1986-12-26,-0.105
834,1987-01-02,-0.09
835,1987-01-09,-0.087
836,1987-01-16,-0.096
837,1987-01-23,-0.11
838,1987-01-30,-0.125
839,1987-02-06,-0.134
840,1987-02-13,-0.138
841,1987-02-20,-0.14
842,1987-02-27,-0.141
843,1987-03-06,-0.138
844,1987-03-13,-0.117
845,1987-03-20,-0.066
846,1987-03-27,0.02
847,1987-04-03,0.144
848,1987-04-10,0.298
849,1987-04-17,0.475
850,1987-04-24,0.66
851,1987-05-01,0.838
852,1987-05-08,1.001
853,1987-05-15,1.127
854,1987-05-22,1.208
855,1987-05-29,1.227
856,1987-06-05,1.189
857,1987-06-12,1.111
858,1987-06-19,1.005
859,1987-06-26,0.894
860,1987-07-03,0.788
861,1987-07-10,0.686
862,1987-07-17,0.578
863,1987-07-24,0.463
864,1987-07-31,0.351
865,1987-08-07,0.263
866,1987-08-14,0.212
867,1987-08-21,0.216
868,1987-08-28,0.274
869,1987-09-04,0.381
870,1987-09-11,0.522
871,1987-09-18,0.695
872,1987-09-25,0.896
873,1987-10-02,1.123
874,1987-10-09,1.351
875,1987-10-16,1.548
876,1987-10-23,1.689
877,1987-10-30,1.748
878,1987-11-06,1.729
879,1987-11-13,1.667
880,1987-11-20,1.597
881,1987-11-27,1.54
882,1987-12-04,1.501
883,1987-12-11,1.457
884,1987-12-18,1.396
885,1987-12-25,1.301
886,1988-01-01,1.176
887,1988-01-08,1.038
888,1988-01-15,0.907
889,1988-01-22,0.786
890,1988-01-29,0.677
891,1988-02-05,0.575
892,1988-02-12,0.478
893,1988-02-19,0.394
894,1988-02-26,0.329
895,1988-03-04,0.293
896,1988-03-11,0.288
897,1988-03-18,0.313
898,1988-03-25,0.352
899,1988-04-01,0.4
900,1988-04-08,0.45
901,1988-04-15,0.495
902,1988-04-22,0.536
903,1988-04-29,0.568
904,1988-05-06,0.588
905,1988-05-13,0.596
906,1988-05-20,0.591
907,1988-05-27,0.58
908,1988-06-03,0.573
909,1988-06-10,0.577
910,1988-06-17,0.593
911,1988-06-24,0.621
912,1988-07-01,0.657
913,1988-07-08,0.69
914,1988-07-15,0.72
915,1988-07-22,0.745
916,1988-07-29,0.761
917,1988-08-05,0.767
918,1988-08-12,0.756
919,1988-08-19,0.723
920,1988-08-26,0.665
921,1988-09-02,0.593
922,1988-09-09,0.515
923,1988-09-16,0.449
924,1988-09-23,0.402
925,1988-09-30,0.373
926,1988-10-07,0.355
927,1988-10-14,0.337
928,1988-10-21,0.314
929,1988-10-28,0.288
930,1988-11-04,0.264
931,1988-11-11,0.25
932,1988-11-18,0.246
933,1988-11-25,0.248
934,1988-12-02,0.248
935,1988-12-09,0.242
936,1988-12-16,0.229
937,1988-12-23,0.215
938,1988-12-30,0.204
939,1989-01-06,0.2
940,1989-01-13,0.204
941,1989-01-20,0.215
942,1989-01-27,0.237
943,1989-02-03,0.276
944,1989-02-10,0.34
945,1989-02-17,0.434
946,1989-02-24,0.556
947,1989-03-03,0.694
948,1989-03-10,0.828
949,1989-03-17,0.942
950,1989-03-24,1.021
951,1989-03-31,1.058
952,1989-04-07,1.058
953,1989-04-14,1.022
954,1989-04-21,0.954
955,1989-04-28,0.862
956,1989-05-05,0.747
957,1989-05-12,0.623
958,1989-05-19,0.502
959,1989-05-26,0.404
960,1989-06-02,0.342
961,1989-06-09,0.319
962,1989-06-16,0.326
963,1989-06-23,0.342
964,1989-06-30,0.346
965,1989-07-07,0.325
966,1989-07-14,0.273
967,1989-07-21,0.208
968,1989-07-28,0.147
969,1989-08-04,0.109
970,1989-08-11,0.107
971,1989-08-18,0.141
972,1989-08-25,0.203
973,1989-09-01,0.284
974,1989-09-08,0.373
975,1989-09-15,0.461
976,1989-09-22,0.535
977,1989-09-29,0.588
978,1989-10-06,0.61
979,1989-10-13,0.592
980,1989-10-20,0.538
981,1989-10-27,0.455
982,1989-11-03,0.357
983,1989-11-10,0.261
984,1989-11-17,0.177
985,1989-11-24,0.109
986,1989-12-01,0.058
987,1989-12-08,0.02
988,1989-12-15,-0.008
989,1989-12-22,-0.024
990,1989-12-29,-0.032
991,1990-01-05,-0.031
992,1990-01-12,-0.028
993,1990-01-19,-0.03
994,1990-01-26,-0.04
995,1990-02-02,-0.064
996,1990-02-09,-0.097
997,1990-02-16,-0.131
998,1990-02-23,-0.161
999,1990-03-02,-0.18
1000,1990-03-09,-0.187
1001,1990-03-16,-0.18
1002,1990-03-23,-0.164
1003,1990-03-30,-0.138
1004,1990-04-06,-0.103
1005,1990-04-13,-0.063
1006,1990-04-20,-0.024
1007,1990-04-27,0.005
1008,1990-05-04,0.013
1009,1990-05-11,-0.001
1010,1990-05-18,-0.035
1011,1990-05-25,-0.078
1012,1990-06-01,-0.12
1013,1990-06-08,-0.15
1014,1990-06-15,-0.167
1015,1990-06-22,-0.175
1016,1990-06-29,-0.176
1017,1990-07-06,-0.172
1018,1990-07-13,-0.163
1019,1990-07-20,-0.142
1020,1990-07-27,-0.11
1021,1990-08-03,-0.069
1022,1990-08-10,-0.024
1023,1990-08-17,0.017
1024,1990-08-24,0.055
1025,1990-08-31,0.094
1026,1990-09-07,0.142
1027,1990-09-14,0.202
1028,1990-09-21,0.269
1029,1990-09-28,0.335
1030,1990-10-05,0.379
1031,1990-10-12,0.397
1032,1990-10-19,0.39
1033,1990-10-26,0.367
1034,1990-11-02,0.343
1035,1990-11-09,0.329
1036,1990-11-16,0.328
1037,1990-11-23,0.341
1038,1990-11-30,0.368
1039,1990-12-07,0.402
1040,1990-12-14,0.446
1041,1990-12-21,0.502
1042,1990-12-28,0.554
1043,1991-01-04,0.585
1044,1991-01-11,0.586
1045,1991-01-18,0.545
1046,1991-01-25,0.461
1047,1991-02-01,0.36
1048,1991-02-08,0.259
1049,1991-02-15,0.176
1050,1991-02-22,0.117
1051,1991-03-01,0.076
1052,1991-03-08,0.042
1053,1991-03-15,0.007
1054,1991-03-22,-0.032
1055,1991-03-29,-0.07
1056,1991-04-05,-0.101
1057,1991-04-12,-0.12
1058,1991-04-19,-0.132
1059,1991-04-26,-0.137
1060,1991-05-03,-0.141
1061,1991-05-10,-0.146
1062,1991-05-17,-0.148
1063,1991-05-24,-0.146
1064,1991-05-31,-0.14
1065,1991-06-07,-0.137
1066,1991-06-14,-0.144
1067,1991-06-21,-0.172
1068,1991-06-28,-0.222
1069,1991-07-05,-0.294
1070,1991-07-12,-0.376
1071,1991-07-19,-0.457
1072,1991-07-26,-0.527
1073,1991-08-02,-0.58
1074,1991-08-09,-0.617
1075,1991-08-16,-0.639
1076,1991-08-23,-0.654
1077,1991-08-30,-0.664
1078,1991-09-06,-0.668
1079,1991-09-13,-0.671
1080,1991-09-20,-0.67
1081,1991-09-27,-0.666
1082,1991-10-04,-0.664
1083,1991-10-11,-0.667
1084,1991-10-18,-0.674
1085,1991-10-25,-0.685
1086,1991-11-01,-0.696
1087,1991-11-08,-0.702
1088,1991-11-15,-0.703
1089,1991-11-22,-0.702
1090,1991-11-29,-0.704
1091,1991-12-06,-0.714
1092,1991-12-13,-0.732
1093,1991-12-20,-0.751
1094,1991-12-27,-0.766
1095,1992-01-03,-0.772
1096,1992-01-10,-0.766
1097,1992-01-17,-0.754
1098,1992-01-24,-0.743
1099,1992-01-31,-0.739
1100,1992-02-07,-0.742
1101,1992-02-14,-0.747
1102,1992-02-21,-0.75
1103,1992-02-28,-0.749
1104,1992-03-06,-0.743
1105,1992-03-13,-0.738
1106,1992-03-20,-0.74
1107,1992-03-27,-0.751
1108,1992-04-03,-0.77
1109,1992-04-10,-0.794
1110,1992-04-17,-0.819
1111,1992-04-24,-0.843
1112,1992-05-01,-0.867
1113,1992-05-08,-0.89
1114,1992-05-15,-0.913
1115,1992-05-22,-0.935
1116,1992-05-29,-0.953
1117,1992-06-05,-0.968
1118,1992-06-12,-0.981
1119,1992-06-19,-0.996
1120,1992-06-26,-1.012
1121,1992-07-03,-1.029
1122,1992-07-10,-1.043
1123,1992-07-17,-1.051
1124,1992-07-24,-1.048
1125,1992-07-31,-1.035
1126,1992-08-07,-1.016
1127,1992-08-14,-0.996
1128,1992-08-21,-0.98
1129,1992-08-28,-0.967
1130,1992-09-04,-0.953
1131,1992-09-11,-0.935
1132,1992-09-18,-0.907
1133,1992-09-25,-0.871
1134,1992-10-02,-0.83
1135,1992-10-09,-0.791
1136,1992-10-16,-0.757
1137,1992-10-23,-0.73
1138,1992-10-30,-0.711
1139,1992-11-06,-0.702
1140,1992-11-13,-0.704
1141,1992-11-20,-0.723
1142,1992-11-27,-0.761
1143,1992-12-04,-0.82
1144,1992-12-11,-0.891
1145,1992-12-18,-0.96
1146,1992-12-25,-1.018
1147,1993-01-01,-1.059
1148,1993-01-08,-1.081
1149,1993-01-15,-1.091
1150,1993-01-22,-1.094
1151,1993-01-29,-1.094
1152,1993-02-05,-1.093
1153,1993-02-12,-1.092
1154,1993-02-19,-1.089
1155,1993-02-26,-1.086
1156,1993-03-05,-1.083
1157,1993-03-12,-1.082
1158,1993-03-19,-1.083
1159,1993-03-26,-1.085
1160,1993-04-02,-1.085
1161,1993-04-09,-1.086
1162,1993-04-16,-1.085
1163,1993-04-23,-1.086
1164,1993-04-30,-1.091
1165,1993-05-07,-1.095
1166,1993-05-14,-1.098
1167,1993-05-21,-1.1
1168,1993-05-28,-1.1
1169,1993-06-04,-1.102
1170,1993-06-11,-1.109
1171,1993-06-18,-1.123
1172,1993-06-25,-1.143
1173,1993-07-02,-1.165
1174,1993-07-09,-1.184
1175,1993-07-16,-1.197
1176,1993-07-23,-1.204
1177,1993-07-30,-1.205
1178,1993-08-06,-1.203
1179,1993-08-13,-1.202
1180,1993-08-20,-1.199
1181,1993-08-27,-1.193
1182,1993-09-03,-1.182
1183,1993-09-10,-1.165
1184,1993-09-17,-1.141
1185,1993-09-24,-1.115
1186,1993-10-01,-1.088
1187,1993-10-08,-1.061
1188,1993-10-15,-1.036
1189,1993-10-22,-1.009
1190,1993-10-29,-0.981
1191,1993-11-05,-0.955
1192,1993-11-12,-0.936
1193,1993-11-19,-0.927
1194,1993-11-26,-0.93
1195,1993-12-03,-0.946
1196,1993-12-10,-0.968
1197,1993-12-17,-0.991
1198,1993-12-24,-1.01
1199,1993-12-31,-1.02
1200,1994-01-07,-1.023
1201,1994-01-14,-1.019
1202,1994-01-21,-1.008
1203,1994-01-28,-0.994
1204,1994-02-04,-0.973
1205,1994-02-11,-0.944
1206,1994-02-18,-0.908
1207,1994-02-25,-0.865
1208,1994-03-04,-0.816
1209,1994-03-11,-0.766
1210,1994-03-18,-0.722
1211,1994-03-25,-0.684
1212,1994-04-01,-0.656
1213,1994-04-08,-0.637
1214,1994-04-15,-0.624
1215,1994-04-22,-0.615
1216,1994-04-29,-0.613
1217,1994-05-06,-0.614
1218,1994-05-13,-0.624
1219,1994-05-20,-0.64
1220,1994-05-27,-0.658
1221,1994-06-03,-0.669
1222,1994-06-10,-0.673
1223,1994-06-17,-0.665
1224,1994-06-24,-0.652
1225,1994-07-01,-0.641
1226,1994-07-08,-0.642
1227,1994-07-15,-0.656
1228,1994-07-22,-0.683
1229,1994-07-29,-0.716
1230,1994-08-05,-0.749
1231,1994-08-12,-0.777
1232,1994-08-19,-0.795
1233,1994-08-26,-0.799
1234,1994-09-02,-0.787
1235,1994-09-09,-0.758
1236,1994-09-16,-0.711
1237,1994-09-23,-0.654
1238,1994-09-30,-0.594
1239,1994-10-07,-0.541
1240,1994-10-14,-0.502
1241,1994-10-21,-0.476
1242,1994-10-28,-0.459
1243,1994-11-04,-0.443
1244,1994-11-11,-0.42
1245,1994-11-18,-0.387
1246,1994-11-25,-0.34
1247,1994-12-02,-0.286
1248,1994-12-09,-0.228
1249,1994-12-16,-0.179
1250,1994-12-23,-0.145
1251,1994-12-30,-0.134
1252,1995-01-06,-0.15
1253,1995-01-13,-0.191
1254,1995-01-20,-0.252
1255,1995-01-27,-0.323
1256,1995-02-03,-0.394
1257,1995-02-10,-0.454
1258,1995-02-17,-0.497
1259,1995-02-24,-0.522
1260,1995-03-03,-0.53
1261,1995-03-10,-0.526
1262,1995-03-17,-0.518
1263,1995-03-24,-0.508
1264,1995-03-31,-0.503
1265,1995-04-07,-0.503
1266,1995-04-14,-0.512
1267,1995-04-21,-0.53
1268,1995-04-28,-0.558
1269,1995-05-05,-0.592
1270,1995-05-12,-0.627
1271,1995-05-19,-0.655
1272,1995-05-26,-0.67
1273,1995-06-02,-0.668
1274,1995-06-09,-0.655
1275,1995-06-16,-0.633
1276,1995-06-23,-0.614
1277,1995-06-30,-0.602
1278,1995-07-07,-0.6
1279,1995-07-14,-0.609
1280,1995-07-21,-0.624
1281,1995-07-28,-0.639
1282,1995-08-04,-0.656
1283,1995-08-11,-0.671
1284,1995-08-18,-0.683
1285,1995-08-25,-0.691
1286,1995-09-01,-0.691
1287,1995-09-08,-0.684
1288,1995-09-15,-0.67
1289,1995-09-22,-0.65
1290,1995-09-29,-0.63
1291,1995-10-06,-0.617
1292,1995-10-13,-0.614
1293,1995-10-20,-0.621
1294,1995-10-27,-0.637
1295,1995-11-03,-0.66
1296,1995-11-10,-0.686
1297,1995-11-17,-0.707
1298,1995-11-24,-0.723
1299,1995-12-01,-0.732
1300,1995-12-08,-0.732
1301,1995-12-15,-0.725
1302,1995-12-22,-0.715
1303,1995-12-29,-0.709
1304,1996-01-05,-0.716
1305,1996-01-12,-0.735
1306,1996-01-19,-0.768
1307,1996-01-26,-0.81
1308,1996-02-02,-0.85
1309,1996-02-09,-0.877
1310,1996-02-16,-0.887
1311,1996-02-23,-0.877
1312,1996-03-01,-0.852
1313,1996-03-08,-0.818
1314,1996-03-15,-0.78
1315,1996-03-22,-0.745
1316,1996-03-29,-0.711
1317,1996-04-05,-0.682
1318,1996-04-12,-0.657
1319,1996-04-19,-0.643
1320,1996-04-26,-0.643
1321,1996-05-03,-0.653
1322,1996-05-10,-0.671
1323,1996-05-17,-0.689
1324,1996-05-24,-0.701
1325,1996-05-31,-0.7
1326,1996-06-07,-0.688
1327,1996-06-14,-0.67
1328,1996-06-21,-0.649
1329,1996-06-28,-0.633
1330,1996-07-05,-0.622
1331,1996-07-12,-0.618
1332,1996-07-19,-0.622
1333,1996-07-26,-0.63
1334,1996-08-02,-0.639
1335,1996-08-09,-0.65
1336,1996-08-16,-0.658
1337,1996-08-23,-0.66
1338,1996-08-30,-0.655
1339,1996-09-06,-0.646
1340,1996-09-13,-0.637
1341,1996-09-20,-0.632
1342,1996-09-27,-0.638
1343,1996-10-04,-0.659
1344,1996-10-11,-0.697
1345,1996-10-18,-0.747
1346,1996-10-25,-0.804
1347,1996-11-01,-0.861
1348,1996-11-08,-0.907
1349,1996-11-15,-0.932
1350,1996-11-22,-0.937
1351,1996-11-29,-0.922
1352,1996-12-06,-0.894
1353,1996-12-13,-0.861
1354,1996-12-20,-0.833
1355,1996-12-27,-0.811
1356,1997-01-03,-0.798
1357,1997-01-10,-0.79
1358,1997-01-17,-0.789
1359,1997-01-24,-0.793
1360,1997-01-31,-0.802
1361,1997-02-07,-0.814
1362,1997-02-14,-0.826
1363,1997-02-21,-0.832
1364,1997-02-28,-0.827
1365,1997-03-07,-0.81
1366,1997-03-14,-0.782
1367,1997-03-21,-0.749
1368,1997-03-28,-0.715
1369,1997-04-04,-0.682
1370,1997-04-11,-0.653
1371,1997-04-18,-0.628
1372,1997-04-25,-0.604
1373,1997-05-02,-0.584
1374,1997-05-09,-0.566
1375,1997-05-16,-0.55
1376,1997-05-23,-0.538
1377,1997-05-30,-0.527
1378,1997-06-06,-0.52
1379,1997-06-13,-0.517
1380,1997-06-20,-0.519
1381,1997-06-27,-0.527
1382,1997-07-04,-0.541
1383,1997-07-11,-0.558
1384,1997-07-18,-0.576
1385,1997-07-25,-0.591
1386,1997-08-01,-0.6
1387,1997-08-08,-0.602
1388,1997-08-15,-0.597
1389,1997-08-22,-0.587
1390,1997-08-29,-0.575
1391,1997-09-05,-0.561
1392,1997-09-12,-0.544
1393,1997-09-19,-0.524
1394,1997-09-26,-0.5
1395,1997-10-03,-0.474
1396,1997-10-10,-0.448
1397,1997-10-17,-0.426
1398,1997-10-24,-0.412
1399,1997-10-31,-0.406
1400,1997-11-07,-0.41
1401,1997-11-14,-0.42
1402,1997-11-21,-0.435
1403,1997-11-28,-0.455
1404,1997-12-05,-0.477
1405,1997-12-12,-0.498
1406,1997-12-19,-0.518
1407,1997-12-26,-0.534
1408,1998-01-02,-0.544
1409,1998-01-09,-0.551
1410,1998-01-16,-0.56
1411,1998-01-23,-0.572
1412,1998-01-30,-0.592
1413,1998-02-06,-0.613
1414,1998-02-13,-0.629
1415,1998-02-20,-0.636
1416,1998-02-27,-0.628
1417,1998-03-06,-0.607
1418,1998-03-13,-0.583
1419,1998-03-20,-0.566
1420,1998-03-27,-0.556
1421,1998-04-03,-0.553
1422,1998-04-10,-0.551
1423,1998-04-17,-0.545
1424,1998-04-24,-0.531
1425,1998-05-01,-0.513
1426,1998-05-08,-0.496
1427,1998-05-15,-0.486
1428,1998-05-22,-0.482
1429,1998-05-29,-0.478
1430,1998-06-05,-0.47
1431,1998-06-12,-0.453
1432,1998-06-19,-0.432
1433,1998-06-26,-0.412
1434,1998-07-03,-0.404
1435,1998-07-10,-0.409
1436,1998-07-17,-0.421
1437,1998-07-24,-0.428
1438,1998-07-31,-0.417
1439,1998-08-07,-0.382
1440,1998-08-14,-0.326
1441,1998-08-21,-0.259
1442,1998-08-28,-0.188
1443,1998-09-04,-0.12
1444,1998-09-11,-0.05
1445,1998-09-18,0.03
1446,1998-09-25,0.118
1447,1998-10-02,0.203
1448,1998-10-09,0.267
1449,1998-10-16,0.291
1450,1998-10-23,0.266
1451,1998-10-30,0.205
1452,1998-11-06,0.126
1453,1998-11-13,0.06
1454,1998-11-20,0.012
1455,1998-11-27,-0.013
1456,1998-12-04,-0.027
1457,1998-12-11,-0.042
1458,1998-12-18,-0.066
1459,1998-12-25,-0.095
1460,1999-01-01,-0.121
1461,1999-01-08,-0.137
1462,1999-01-15,-0.146
1463,1999-01-22,-0.154
1464,1999-01-29,-0.17
1465,1999-02-05,-0.196
1466,1999-02-12,-0.23
1467,1999-02-19,-0.265
1468,1999-02-26,-0.293
1469,1999-03-05,-0.31
1470,1999-03-12,-0.315
1471,1999-03-19,-0.314
1472,1999-03-26,-0.31
1473,1999-04-02,-0.306
1474,1999-04-09,-0.305
1475,1999-04-16,-0.306
1476,1999-04-23,-0.309
1477,1999-04-30,-0.313
1478,1999-05-07,-0.315
1479,1999-05-14,-0.31
1480,1999-05-21,-0.297
1481,1999-05-28,-0.273
1482,1999-06-04,-0.244
1483,1999-06-11,-0.213
1484,1999-06-18,-0.187
1485,1999-06-25,-0.166
1486,1999-07-02,-0.149
1487,1999-07-09,-0.128
1488,1999-07-16,-0.097
1489,1999-07-23,-0.058
1490,1999-07-30,-0.013
1491,1999-08-06,0.032
1492,1999-08-13,0.069
1493,1999-08-20,0.094
1494,1999-08-27,0.112
1495,1999-09-03,0.13
1496,1999-09-10,0.153
1497,1999-09-17,0.182
1498,1999-09-24,0.215
1499,1999-10-01,0.248
1500,1999-10-08,0.271
1501,1999-10-15,0.273
1502,1999-10-22,0.253
1503,1999-10-29,0.215
1504,1999-11-05,0.167
1505,1999-11-12,0.12
1506,1999-11-19,0.085
1507,1999-11-26,0.07
1508,1999-12-03,0.071
1509,1999-12-10,0.08
1510,1999-12-17,0.086
1511,1999-12-24,0.082
1512,1999-12-31,0.068
1513,2000-01-07,0.044
1514,2000-01-14,0.019
1515,2000-01-21,-0.001
1516,2000-01-28,-0.016
1517,2000-02-04,-0.026
1518,2000-02-11,-0.032
1519,2000-02-18,-0.032
1520,2000-02-25,-0.021
1521,2000-03-03,0.003
1522,2000-03-10,0.041
1523,2000-03-17,0.085
1524,2000-03-24,0.123
1525,2000-03-31,0.147
1526,2000-04-07,0.151
1527,2000-04-14,0.151
1528,2000-04-21,0.156
1529,2000-04-28,0.177
1530,2000-05-05,0.217
1531,2000-05-12,0.264
1532,2000-05-19,0.308
1533,2000-05-26,0.34
1534,2000-06-02,0.355
1535,2000-06-09,0.353
1536,2000-06-16,0.343
1537,2000-06-23,0.323
1538,2000-06-30,0.295
1539,2000-07-07,0.251
1540,2000-07-14,0.195
1541,2000-07-21,0.132
1542,2000-07-28,0.071
1543,2000-08-04,0.021
1544,2000-08-11,-0.01
1545,2000-08-18,-0.024
1546,2000-08-25,-0.028
1547,2000-09-01,-0.03
1548,2000-09-08,-0.032
1549,2000-09-15,-0.036
1550,2000-09-22,-0.037
1551,2000-09-29,-0.032
1552,2000-10-06,-0.025
1553,2000-10-13,-0.017
1554,2000-10-20,-0.019
1555,2000-10-27,-0.028
1556,2000-11-03,-0.04
1557,2000-11-10,-0.045
1558,2000-11-17,-0.035
1559,2000-11-24,-0.008
1560,2000-12-01,0.031
1561,2000-12-08,0.066
1562,2000-12-15,0.087
1563,2000-12-22,0.087
1564,2000-12-29,0.061
1565,2001-01-05,0.023
1566,2001-01-12,-0.02
1567,2001-01-19,-0.06
1568,2001-01-26,-0.093
1569,2001-02-02,-0.119
1570,2001-02-09,-0.142
1571,2001-02-16,-0.159
1572,2001-02-23,-0.169
1573,2001-03-02,-0.169
1574,2001-03-09,-0.162
1575,2001-03-16,-0.15
1576,2001-03-23,-0.142
1577,2001-03-30,-0.147
1578,2001-04-06,-0.165
1579,2001-04-13,-0.198
1580,2001-04-20,-0.236
1581,2001-04-27,-0.271
1582,2001-05-04,-0.299
1583,2001-05-11,-0.317
1584,2001-05-18,-0.329
1585,2001-05-25,-0.341
1586,2001-06-01,-0.355
1587,2001-06-08,-0.372
1588,2001-06-15,-0.389
1589,2001-06-22,-0.4
1590,2001-06-29,-0.407
1591,2001-07-06,-0.411
1592,2001-07-13,-0.418
1593,2001-07-20,-0.43
1594,2001-07-27,-0.45
1595,2001-08-03,-0.47
1596,2001-08-10,-0.48
1597,2001-08-17,-0.476
1598,2001-08-24,-0.452
1599,2001-08-31,-0.417
1600,2001-09-07,-0.381
1601,2001-09-14,-0.351
1602,2001-09-21,-0.338
1603,2001-09-28,-0.346
1604,2001-10-05,-0.362
1605,2001-10-12,-0.384
1606,2001-10-19,-0.408
1607,2001-10-26,-0.431
1608,2001-11-02,-0.45
1609,2001-11-09,-0.464
1610,2001-11-16,-0.467
1611,2001-11-23,-0.454
1612,2001-11-30,-0.428
1613,2001-12-07,-0.398
1614,2001-12-14,-0.377
1615,2001-12-21,-0.377
1616,2001-12-28,-0.404
1617,2002-01-04,-0.449
1618,2002-01-11,-0.501
1619,2002-01-18,-0.545
1620,2002-01-25,-0.569
1621,2002-02-01,-0.573
1622,2002-02-08,-0.564
1623,2002-02-15,-0.549
1624,2002-02-22,-0.535
1625,2002-03-01,-0.525
1626,2002-03-08,-0.514
1627,2002-03-15,-0.502
1628,2002-03-22,-0.49
1629,2002-03-29,-0.481
1630,2002-04-05,-0.484
1631,2002-04-12,-0.503
1632,2002-04-19,-0.537
1633,2002-04-26,-0.578
1634,2002-05-03,-0.62
1635,2002-05-10,-0.648
1636,2002-05-17,-0.66
1637,2002-05-24,-0.656
1638,2002-05-31,-0.642
1639,2002-06-07,-0.622
1640,2002-06-14,-0.601
1641,2002-06-21,-0.579
1642,2002-06-28,-0.555
1643,2002-07-05,-0.526
1644,2002-07-12,-0.494
1645,2002-07-19,-0.465
1646,2002-07-26,-0.441
1647,2002-08-02,-0.43
1648,2002-08-09,-0.425
1649,2002-08-16,-0.427
1650,2002-08-23,-0.426
1651,2002-08-30,-0.421
1652,2002-09-06,-0.408
1653,2002-09-13,-0.391
1654,2002-09-20,-0.376
1655,2002-09-27,-0.366
1656,2002-10-04,-0.364
1657,2002-10-11,-0.371
1658,2002-10-18,-0.385
1659,2002-10-25,-0.402
1660,2002-11-01,-0.422
1661,2002-11-08,-0.44
1662,2002-11-15,-0.456
1663,2002-11-22,-0.465
1664,2002-11-29,-0.467
1665,2002-12-06,-0.464
1666,2002-12-13,-0.461
1667,2002-12-20,-0.461
1668,2002-12-27,-0.468
1669,2003-01-03,-0.483
1670,2003-01-10,-0.503
1671,2003-01-17,-0.522
1672,2003-01-24,-0.536
1673,2003-01-31,-0.546
1674,2003-02-07,-0.551
1675,2003-02-14,-0.556
1676,2003-02-21,-0.563
1677,2003-02-28,-0.573
1678,2003-03-07,-0.586
1679,2003-03-14,-0.604
1680,2003-03-21,-0.629
1681,2003-03-28,-0.66
1682,2003-04-04,-0.699
1683,2003-04-11,-0.739
1684,2003-04-18,-0.777
1685,2003-04-25,-0.806
1686,2003-05-02,-0.823
1687,2003-05-09,-0.825
1688,2003-05-16,-0.817
1689,2003-05-23,-0.803
1690,2003-05-30,-0.788
1691,2003-06-06,-0.772
1692,2003-06-13,-0.76
1693,2003-06-20,-0.752
1694,2003-06-27,-0.749
1695,2003-07-04,-0.748
1696,2003-07-11,-0.751
1697,2003-07-18,-0.754
1698,2003-07-25,-0.754
1699,2003-08-01,-0.748
1700,2003-08-08,-0.739
1701,2003-08-15,-0.728
1702,2003-08-22,-0.717
1703,2003-08-29,-0.709
1704,2003-09-05,-0.705
1705,2003-09-12,-0.706
1706,2003-09-19,-0.708
1707,2003-09-26,-0.711
1708,2003-10-03,-0.713
1709,2003-10-10,-0.716
1710,2003-10-17,-0.72
1711,2003-10-24,-0.723
1712,2003-10-31,-0.726
1713,2003-11-07,-0.726
1714,2003-11-14,-0.721
1715,2003-11-21,-0.712
1716,2003-11-28,-0.701
1717,2003-12-05,-0.688
1718,2003-12-12,-0.679
1719,2003-12-19,-0.674
1720,2003-12-26,-0.673
1721,2004-01-02,-0.676
1722,2004-01-09,-0.679
1723,2004-01-16,-0.685
1724,2004-01-23,-0.693
1725,2004-01-30,-0.703
1726,2004-02-06,-0.716
1727,2004-02-13,-0.731
1728,2004-02-20,-0.743
1729,2004-02-27,-0.751
1730,2004-03-05,-0.754
1731,2004-03-12,-0.754
1732,2004-03-19,-0.755
1733,2004-03-26,-0.756
1734,2004-04-02,-0.759
1735,2004-04-09,-0.76
1736,2004-04-16,-0.754
1737,2004-04-23,-0.74
1738,2004-04-30,-0.722
1739,2004-05-07,-0.703
1740,2004-05-14,-0.69
1741,2004-05-21,-0.686
1742,2004-05-28,-0.689
1743,2004-06-04,-0.697
1744,2004-06-11,-0.702
1745,2004-06-18,-0.702
1746,2004-06-25,-0.699
1747,2004-07-02,-0.697
1748,2004-07-09,-0.699
1749,2004-07-16,-0.705
1750,2004-07-23,-0.717
1751,2004-07-30,-0.731
1752,2004-08-06,-0.742
1753,2004-08-13,-0.748
1754,2004-08-20,-0.751
1755,2004-08-27,-0.75
1756,2004-09-03,-0.744
1757,2004-09-10,-0.736
1758,2004-09-17,-0.727
1759,2004-09-24,-0.716
1760,2004-10-01,-0.704
1761,2004-10-08,-0.693
1762,2004-10-15,-0.684
1763,2004-10-22,-0.68
1764,2004-10-29,-0.679
1765,2004-11-05,-0.682
1766,2004-11-12,-0.69
1767,2004-11-19,-0.697
1768,2004-11-26,-0.705
1769,2004-12-03,-0.71
1770,2004-12-10,-0.711
1771,2004-12-17,-0.706
1772,2004-12-24,-0.698
1773,2004-12-31,-0.69
1774,2005-01-07,-0.684
1775,2005-01-14,-0.683
1776,2005-01-21,-0.689
1777,2005-01-28,-0.7
1778,2005-02-04,-0.712
1779,2005-02-11,-0.721
1780,2005-02-18,-0.721
1781,2005-02-25,-0.712
1782,2005-03-04,-0.692
1783,2005-03-11,-0.666
1784,2005-03-18,-0.637
1785,2005-03-25,-0.611
1786,2005-04-01,-0.589
1787,2005-04-08,-0.573
1788,2005-04-15,-0.564
1789,2005-04-22,-0.562
1790,2005-04-29,-0.563
1791,2005-05-06,-0.568
1792,2005-05-13,-0.571
1793,2005-05-20,-0.571
1794,2005-05-27,-0.569
1795,2005-06-03,-0.561
1796,2005-06-10,-0.552
1797,2005-06-17,-0.543
1798,2005-06-24,-0.539
1799,2005-07-01,-0.539
1800,2005-07-08,-0.543
1801,2005-07-15,-0.55
1802,2005-07-22,-0.556
1803,2005-07-29,-0.559
1804,2005-08-05,-0.557
1805,2005-08-12,-0.552
1806,2005-08-19,-0.541
1807,2005-08-26,-0.525
1808,2005-09-02,-0.505
1809,2005-09-09,-0.484
1810,2005-09-16,-0.464
1811,2005-09-23,-0.453
1812,2005-09-30,-0.454
1813,2005-10-07,-0.471
1814,2005-10-14,-0.499
1815,2005-10-21,-0.531
1816,2005-10-28,-0.559
1817,2005-11-04,-0.578
1818,2005-11-11,-0.583
1819,2005-11-18,-0.573
1820,2005-11-25,-0.552
1821,2005-12-02,-0.524
1822,2005-12-09,-0.49
1823,2005-12-16,-0.458
1824,2005-12-23,-0.432
1825,2005-12-30,-0.414
1826,2006-01-06,-0.409
1827,2006-01-13,-0.415
1828,2006-01-20,-0.428
1829,2006-01-27,-0.444
1830,2006-02-03,-0.459
1831,2006-02-10,-0.472
1832,2006-02-17,-0.484
1833,2006-02-24,-0.494
1834,2006-03-03,-0.503
1835,2006-03-10,-0.509
1836,2006-03-17,-0.51
1837,2006-03-24,-0.507
1838,2006-03-31,-0.499
1839,2006-04-07,-0.49
1840,2006-04-14,-0.483
1841,2006-04-21,-0.478
1842,2006-04-28,-0.474
1843,2006-05-05,-0.466
1844,2006-05-12,-0.456
1845,2006-05-19,-0.438
1846,2006-05-26,-0.417
1847,2006-06-02,-0.395
1848,2006-06-09,-0.375
1849,2006-06-16,-0.36
1850,2006-06-23,-0.352
1851,2006-06-30,-0.352
1852,2006-07-07,-0.361
1853,2006-07-14,-0.376
1854,2006-07-21,-0.397
1855,2006-07-28,-0.421
1856,2006-08-04,-0.443
1857,2006-08-11,-0.462
1858,2006-08-18,-0.473
1859,2006-08-25,-0.478
1860,2006-09-01,-0.477
1861,2006-09-08,-0.474
1862,2006-09-15,-0.473
1863,2006-09-22,-0.478
1864,2006-09-29,-0.488
1865,2006-10-06,-0.505
1866,2006-10-13,-0.525
1867,2006-10-20,-0.543
1868,2006-10-27,-0.556
1869,2006-11-03,-0.558
1870,2006-11-10,-0.548
1871,2006-11-17,-0.525
1872,2006-11-24,-0.491
1873,2006-12-01,-0.453
1874,2006-12-08,-0.419
1875,2006-12-15,-0.4
1876,2006-12-22,-0.397
1877,2006-12-29,-0.408
1878,2007-01-05,-0.429
1879,2007-01-12,-0.453
1880,2007-01-19,-0.477
1881,2007-01-26,-0.499
1882,2007-02-02,-0.518
1883,2007-02-09,-0.533
1884,2007-02-16,-0.537
1885,2007-02-23,-0.528
1886,2007-03-02,-0.503
1887,2007-03-09,-0.473
1888,2007-03-16,-0.446
1889,2007-03-23,-0.432
1890,2007-03-30,-0.433
1891,2007-04-06,-0.442
1892,2007-04-13,-0.445
1893,2007-04-20,-0.434
1894,2007-04-27,-0.406
1895,2007-05-04,-0.367
1896,2007-05-11,-0.333
1897,2007-05-18,-0.311
1898,2007-05-25,-0.3
1899,2007-06-01,-0.294
1900,2007-06-08,-0.287
1901,2007-06-15,-0.27
1902,2007-06-22,-0.252
1903,2007-06-29,-0.243
1904,2007-07-06,-0.246
1905,2007-07-13,-0.244
1906,2007-07-20,-0.212
1907,2007-07-27,-0.116
1908,2007-08-03,0.052
1909,2007-08-10,0.272
1910,2007-08-17,0.507
1911,2007-08-24,0.693
1912,2007-08-31,0.77
1913,2007-09-07,0.755
1914,2007-09-14,0.659
1915,2007-09-21,0.518
1916,2007-09-28,0.394
1917,2007-10-05,0.301
1918,2007-10-12,0.247
1919,2007-10-19,0.235
1920,2007-10-26,0.264
1921,2007-11-02,0.341
1922,2007-11-09,0.48
1923,2007-11-16,0.661
1924,2007-11-23,0.861
1925,2007-11-30,1.028
1926,2007-12-07,1.118
1927,2007-12-14,1.115
1928,2007-12-21,1.038
1929,2007-12-28,0.926
1930,2008-01-04,0.838
1931,2008-01-11,0.792
1932,2008-01-18,0.796
1933,2008-01-25,0.834
1934,2008-02-01,0.873
1935,2008-02-08,0.931
1936,2008-02-15,1.021
1937,2008-02-22,1.16
1938,2008-02-29,1.336
1939,2008-03-07,1.522
1940,2008-03-14,1.655
1941,2008-03-21,1.697
1942,2008-03-28,1.631
1943,2008-04-04,1.5
1944,2008-04-11,1.351
1945,2008-04-18,1.226
1946,2008-04-25,1.132
1947,2008-05-02,1.06
1948,2008-05-09,0.996
1949,2008-05-16,0.923
1950,2008-05-23,0.865
1951,2008-05-30,0.854
1952,2008-06-06,0.917
1953,2008-06-13,1.028
1954,2008-06-20,1.164
1955,2008-06-27,1.276
1956,2008-07-04,1.315
1957,2008-07-11,1.286
1958,2008-07-18,1.227
1959,2008-07-25,1.163
1960,2008-08-01,1.129
1961,2008-08-08,1.125
1962,2008-08-15,1.124
1963,2008-08-22,1.142
1964,2008-08-29,1.191
1965,2008-09-05,1.321
1966,2008-09-12,1.581
1967,2008-09-19,2.006
1968,2008-09-26,2.467
1969,2008-10-03,2.907
1970,2008-10-10,3.224
1971,2008-10-17,3.353
1972,2008-10-24,3.341
1973,2008-10-31,3.324
1974,2008-11-07,3.36
1975,2008-11-14,3.505
1976,2008-11-21,3.733
1977,2008-11-28,3.887
1978,2008-12-05,3.932
1979,2008-12-12,3.814
1980,2008-12-19,3.562
1981,2008-12-26,3.279
1982,2009-01-02,3.064
1983,2009-01-09,2.913
1984,2009-01-16,2.826
1985,2009-01-23,2.763
1986,2009-01-30,2.693
1987,2009-02-06,2.634
1988,2009-02-13,2.624
1989,2009-02-20,2.674
1990,2009-02-27,2.77
1991,2009-03-06,2.869
1992,2009-03-13,2.886
1993,2009-03-20,2.807
1994,2009-03-27,2.642
1995,2009-04-03,2.44
1996,2009-04-10,2.242
1997,2009-04-17,2.084
1998,2009-04-24,1.959
1999,2009-05-01,1.834
2000,2009-05-08,1.692
2001,2009-05-15,1.541
2002,2009-05-22,1.396
2003,2009-05-29,1.301
2004,2009-06-05,1.261
2005,2009-06-12,1.268
2006,2009-06-19,1.296
2007,2009-06-26,1.29
2008,2009-07-03,1.233
2009,2009-07-10,1.125
2010,2009-07-17,0.986
2011,2009-07-24,0.849
2012,2009-07-31,0.744
2013,2009-08-07,0.679
2014,2009-08-14,0.642
2015,2009-08-21,0.613
2016,2009-08-28,0.572
2017,2009-09-04,0.52
2018,2009-09-11,0.461
2019,2009-09-18,0.407
2020,2009-09-25,0.37
2021,2009-10-02,0.355
2022,2009-10-09,0.344
2023,2009-10-16,0.33
2024,2009-10-23,0.308
2025,2009-10-30,0.284
2026,2009-11-06,0.257
2027,2009-11-13,0.235
2028,2009-11-20,0.219
2029,2009-11-27,0.201
2030,2009-12-04,0.169
2031,2009-12-11,0.118
2032,2009-12-18,0.052
2033,2009-12-25,-0.015
2034,2010-01-01,-0.067
2035,2010-01-08,-0.094
2036,2010-01-15,-0.088
2037,2010-01-22,-0.058
2038,2010-01-29,-0.029
2039,2010-02-05,-0.013
2040,2010-02-12,-0.022
2041,2010-02-19,-0.058
2042,2010-02-26,-0.107
2043,2010-03-05,-0.161
2044,2010-03-12,-0.212
2045,2010-03-19,-0.259
2046,2010-03-26,-0.306
2047,2010-04-02,-0.352
2048,2010-04-09,-0.386
2049,2010-04-16,-0.392
2050,2010-04-23,-0.359
2051,2010-04-30,-0.28
2052,2010-05-07,-0.168
2053,2010-05-14,-0.057
2054,2010-05-21,0.04
2055,2010-05-28,0.099
2056,2010-06-04,0.117
2057,2010-06-11,0.112
2058,2010-06-18,0.083
2059,2010-06-25,0.046
2060,2010-07-02,0.005
2061,2010-07-09,-0.05
2062,2010-07-16,-0.11
2063,2010-07-23,-0.163
2064,2010-07-30,-0.2
2065,2010-08-06,-0.213
2066,2010-08-13,-0.203
2067,2010-08-20,-0.186
2068,2010-08-27,-0.176
2069,2010-09-03,-0.183
2070,2010-09-10,-0.209
2071,2010-09-17,-0.242
2072,2010-09-24,-0.271
2073,2010-10-01,-0.294
2074,2010-10-08,-0.311
2075,2010-10-15,-0.329
2076,2010-10-22,-0.35
2077,2010-10-29,-0.372
2078,2010-11-05,-0.386
2079,2010-11-12,-0.388
2080,2010-11-19,-0.384
2081,2010-11-26,-0.38
2082,2010-12-03,-0.388
2083,2010-12-10,-0.414
2084,2010-12-17,-0.451
2085,2010-12-24,-0.489
2086,2010-12-31,-0.521
2087,2011-01-07,-0.54
2088,2011-01-14,-0.554
2089,2011-01-21,-0.571
2090,2011-01-28,-0.593
2091,2011-02-04,-0.615
2092,2011-02-11,-0.628
2093,2011-02-18,-0.616
2094,2011-02-25,-0.58
2095,2011-03-04,-0.535
2096,2011-03-11,-0.495
2097,2011-03-18,-0.475
2098,2011-03-25,-0.486
2099,2011-04-01,-0.513
2100,2011-04-08,-0.543
2101,2011-04-15,-0.563
2102,2011-04-22,-0.567
2103,2011-04-29,-0.566
2104,2011-05-06,-0.568
2105,2011-05-13,-0.575
2106,2011-05-20,-0.585
2107,2011-05-27,-0.588
2108,2011-06-03,-0.578
2109,2011-06-10,-0.553
2110,2011-06-17,-0.531
2111,2011-06-24,-0.522
2112,2011-07-01,-0.533
2113,2011-07-08,-0.551
2114,2011-07-15,-0.551
2115,2011-07-22,-0.517
2116,2011-07-29,-0.441
2117,2011-08-05,-0.333
2118,2011-08-12,-0.22
2119,2011-08-19,-0.135
2120,2011-08-26,-0.074
2121,2011-09-02,-0.04
2122,2011-09-09,-0.011
2123,2011-09-16,0.016
2124,2011-09-23,0.042
2125,2011-09-30,0.047
2126,2011-10-07,0.023
2127,2011-10-14,-0.031
2128,2011-10-21,-0.088
2129,2011-10-28,-0.128
2130,2011-11-04,-0.131
2131,2011-11-11,-0.104
2132,2011-11-18,-0.062
2133,2011-11-25,-0.027
2134,2011-12-02,-0.023
2135,2011-12-09,-0.038
2136,2011-12-16,-0.063
2137,2011-12-23,-0.093
2138,2011-12-30,-0.125
2139,2012-01-06,-0.163
2140,2012-01-13,-0.215
2141,2012-01-20,-0.278
2142,2012-01-27,-0.34
2143,2012-02-03,-0.383
2144,2012-02-10,-0.405
2145,2012-02-17,-0.408
2146,2012-02-24,-0.407
2147,2012-03-02,-0.416
2148,2012-03-09,-0.433
2149,2012-03-16,-0.455
2150,2012-03-23,-0.468
2151,2012-03-30,-0.461
2152,2012-04-06,-0.439
2153,2012-04-13,-0.41
2154,2012-04-20,-0.385
2155,2012-04-27,-0.362
2156,2012-05-04,-0.337
2157,2012-05-11,-0.3
2158,2012-05-18,-0.25
2159,2012-05-25,-0.201
2160,2012-06-01,-0.163
2161,2012-06-08,-0.15
2162,2012-06-15,-0.167
2163,2012-06-22,-0.205
2164,2012-06-29,-0.246
2165,2012-07-06,-0.283
2166,2012-07-13,-0.305
2167,2012-07-20,-0.322
2168,2012-07-27,-0.336
2169,2012-08-03,-0.357
2170,2012-08-10,-0.383
2171,2012-08-17,-0.412
2172,2012-08-24,-0.438
2173,2012-08-31,-0.46
2174,2012-09-07,-0.481
2175,2012-09-14,-0.505
2176,2012-09-21,-0.532
2177,2012-09-28,-0.559
2178,2012-10-05,-0.584
2179,2012-10-12,-0.598
2180,2012-10-19,-0.603
2181,2012-10-26,-0.595
2182,2012-11-02,-0.586
2183,2012-11-09,-0.579
2184,2012-11-16,-0.577
2185,2012-11-23,-0.584
2186,2012-11-30,-0.592
2187,2012-12-07,-0.6
2188,2012-12-14,-0.608
2189,2012-12-21,-0.616
2190,2012-12-28,-0.624
2191,2013-01-04,-0.639
2192,2013-01-11,-0.652
2193,2013-01-18,-0.661
2194,2013-01-25,-0.665
2195,2013-02-01,-0.662
2196,2013-02-08,-0.658
2197,2013-02-15,-0.66
2198,2013-02-22,-0.67
2199,2013-03-01,-0.685
2200,2013-03-08,-0.707
2201,2013-03-15,-0.726
2202,2013-03-22,-0.739
2203,2013-03-29,-0.748
2204,2013-04-05,-0.756
2205,2013-04-12,-0.767
2206,2013-04-19,-0.78
2207,2013-04-26,-0.798
2208,2013-05-03,-0.814
2209,2013-05-10,-0.825
2210,2013-05-17,-0.823
2211,2013-05-24,-0.806
2212,2013-05-31,-0.776
2213,2013-06-07,-0.737
2214,2013-06-14,-0.698
2215,2013-06-21,-0.669
2216,2013-06-28,-0.658
2217,2013-07-05,-0.665
2218,2013-07-12,-0.687
2219,2013-07-19,-0.716
2220,2013-07-26,-0.742
2221,2013-08-02,-0.756
2222,2013-08-09,-0.759
2223,2013-08-16,-0.753
2224,2013-08-23,-0.744
2225,2013-08-30,-0.739
2226,2013-09-06,-0.74
2227,2013-09-13,-0.746
2228,2013-09-20,-0.754
2229,2013-09-27,-0.76
2230,2013-10-04,-0.764
2231,2013-10-11,-0.772
2232,2013-10-18,-0.786
2233,2013-10-25,-0.804
2234,2013-11-01,-0.824
2235,2013-11-08,-0.843
2236,2013-11-15,-0.856
2237,2013-11-22,-0.864
2238,2013-11-29,-0.869
2239,2013-12-06,-0.876
2240,2013-12-13,-0.886
2241,2013-12-20,-0.9
2242,2013-12-27,-0.912
2243,2014-01-03,-0.915
2244,2014-01-10,-0.909
2245,2014-01-17,-0.896
2246,2014-01-24,-0.881
2247,2014-01-31,-0.873
2248,2014-02-07,-0.875
2249,2014-02-14,-0.883
2250,2014-02-21,-0.891
2251,2014-02-28,-0.893
2252,2014-03-07,-0.883
2253,2014-03-14,-0.866
2254,2014-03-21,-0.849
2255,2014-03-28,-0.833
2256,2014-04-04,-0.825
2257,2014-04-11,-0.819
2258,2014-04-18,-0.812
2259,2014-04-25,-0.804
2260,2014-05-02,-0.795
2261,2014-05-09,-0.788
2262,2014-05-16,-0.788
2263,2014-05-23,-0.797
2264,2014-05-30,-0.811
2265,2014-06-06,-0.823
2266,2014-06-13,-0.831
2267,2014-06-20,-0.829
2268,2014-06-27,-0.821
2269,2014-07-04,-0.807
2270,2014-07-11,-0.792
2271,2014-07-18,-0.779
2272,2014-07-25,-0.768
2273,2014-08-01,-0.761
2274,2014-08-08,-0.762
2275,2014-08-15,-0.769
2276,2014-08-22,-0.779
2277,2014-08-29,-0.789
2278,2014-09-05,-0.796
2279,2014-09-12,-0.793
2280,2014-09-19,-0.78
2281,2014-09-26,-0.76
2282,2014-10-03,-0.739
2283,2014-10-10,-0.725
2284,2014-10-17,-0.719
2285,2014-10-24,-0.726
2286,2014-10-31,-0.74
2287,2014-11-07,-0.756
2288,2014-11-14,-0.766
2289,2014-11-21,-0.763
2290,2014-11-28,-0.751
2291,2014-12-05,-0.731
2292,2014-12-12,-0.706
2293,2014-12-19,-0.682
2294,2014-12-26,-0.663
2295,2015-01-02,-0.646
2296,2015-01-09,-0.629
2297,2015-01-16,-0.612
2298,2015-01-23,-0.599
2299,2015-01-30,-0.591
2300,2015-02-06,-0.591
2301,2015-02-13,-0.599
2302,2015-02-20,-0.61
2303,2015-02-27,-0.62
2304,2015-03-06,-0.623
2305,2015-03-13,-0.621
2306,2015-03-20,-0.618
2307,2015-03-27,-0.617
2308,2015-04-03,-0.619
2309,2015-04-10,-0.623
2310,2015-04-17,-0.624
2311,2015-04-24,-0.621
2312,2015-05-01,-0.612
2313,2015-05-08,-0.601
2314,2015-05-15,-0.594
2315,2015-05-22,-0.593
2316,2015-05-29,-0.594
2317,2015-06-05,-0.594
2318,2015-06-12,-0.589
2319,2015-06-19,-0.577
2320,2015-06-26,-0.563
2321,2015-07-03,-0.546
2322,2015-07-10,-0.536
2323,2015-07-17,-0.532
2324,2015-07-24,-0.525
2325,2015-07-31,-0.511
2326,2015-08-07,-0.488
2327,2015-08-14,-0.459
2328,2015-08-21,-0.426
2329,2015-08-28,-0.399
2330,2015-09-04,-0.384
2331,2015-09-11,-0.38
2332,2015-09-18,-0.383
2333,2015-09-25,-0.392
2334,2015-10-02,-0.402
2335,2015-10-09,-0.418
2336,2015-10-16,-0.433
2337,2015-10-23,-0.447
2338,2015-10-30,-0.462
2339,2015-11-06,-0.471
2340,2015-11-13,-0.471
2341,2015-11-20,-0.461
2342,2015-11-27,-0.442
2343,2015-12-04,-0.413
2344,2015-12-11,-0.379
2345,2015-12-18,-0.348
2346,2015-12-25,-0.322
2347,2016-01-01,-0.305
2348,2016-01-08,-0.293
2349,2016-01-15,-0.281
2350,2016-01-22,-0.267
2351,2016-01-29,-0.253
2352,2016-02-05,-0.237
2353,2016-02-12,-0.226
2354,2016-02-19,-0.231
2355,2016-02-26,-0.246
2356,2016-03-04,-0.266
2357,2016-03-11,-0.286
2358,2016-03-18,-0.299
2359,2016-03-25,-0.3
2360,2016-04-01,-0.293
2361,2016-04-08,-0.281
2362,2016-04-15,-0.272
2363,2016-04-22,-0.266
2364,2016-04-29,-0.263
2365,2016-05-06,-0.261
2366,2016-05-13,-0.26
2367,2016-05-20,-0.256
2368,2016-05-27,-0.25
2369,2016-06-03,-0.242
2370,2016-06-10,-0.234
2371,2016-06-17,-0.224
2372,2016-06-24,-0.219
2373,2016-07-01,-0.217
2374,2016-07-08,-0.222
2375,2016-07-15,-0.233
2376,2016-07-22,-0.244
2377,2016-07-29,-0.255
2378,2016-08-05,-0.261
2379,2016-08-12,-0.26
2380,2016-08-19,-0.252
2381,2016-08-26,-0.239
2382,2016-09-02,-0.224
2383,2016-09-09,-0.213
2384,2016-09-16,-0.208
2385,2016-09-23,-0.209
2386,2016-09-30,-0.218
2387,2016-10-07,-0.233
2388,2016-10-14,-0.25
2389,2016-10-21,-0.27
2390,2016-10-28,-0.295
2391,2016-11-04,-0.322
2392,2016-11-11,-0.351
2393,2016-11-18,-0.376
2394,2016-11-25,-0.395
2395,2016-12-02,-0.405
2396,2016-12-09,-0.408
2397,2016-12-16,-0.405
2398,2016-12-23,-0.399
2399,2016-12-30,-0.395
2400,2017-01-06,-0.39
2401,2017-01-13,-0.386
2402,2017-01-20,-0.382
2403,2017-01-27,-0.38
2404,2017-02-03,-0.379
2405,2017-02-10,-0.382
2406,2017-02-17,-0.386
2407,2017-02-24,-0.389
2408,2017-03-03,-0.394
2409,2017-03-10,-0.396
2410,2017-03-17,-0.397
2411,2017-03-24,-0.398
2412,2017-03-31,-0.403
2413,2017-04-07,-0.409
2414,2017-04-14,-0.418
2415,2017-04-21,-0.426
2416,2017-04-28,-0.436
2417,2017-05-05,-0.447
2418,2017-05-12,-0.458
2419,2017-05-19,-0.47
2420,2017-05-26,-0.484
2421,2017-06-02,-0.493
2422,2017-06-09,-0.498
2423,2017-06-16,-0.501
2424,2017-06-23,-0.503
2425,2017-06-30,-0.51
2426,2017-07-07,-0.521
2427,2017-07-14,-0.534
2428,2017-07-21,-0.544
2429,2017-07-28,-0.544
2430,2017-08-04,-0.532
2431,2017-08-11,-0.513
2432,2017-08-18,-0.492
2433,2017-08-25,-0.477
2434,2017-09-01,-0.47
2435,2017-09-08,-0.471
2436,2017-09-15,-0.479
2437,2017-09-22,-0.49
2438,2017-09-29,-0.502
2439,2017-10-06,-0.517
2440,2017-10-13,-0.534
2441,2017-10-20,-0.553
2442,2017-10-27,-0.571
2443,2017-11-03,-0.588
2444,2017-11-10,-0.601
2445,2017-11-17,-0.608
2446,2017-11-24,-0.611
2447,2017-12-01,-0.612
2448,2017-12-08,-0.612
2449,2017-12-15,-0.615
2450,2017-12-22,-0.621
2451,2017-12-29,-0.629
2452,2018-01-05,-0.636
2453,2018-01-12,-0.635
2454,2018-01-19,-0.626
2455,2018-01-26,-0.609
2456,2018-02-02,-0.585
2457,2018-02-09,-0.559
2458,2018-02-16,-0.54
2459,2018-02-23,-0.523
2460,2018-03-02,-0.507
2461,2018-03-09,-0.49
2462,2018-03-16,-0.472
2463,2018-03-23,-0.454
2464,2018-03-30,-0.443
2465,2018-04-06,-0.441
2466,2018-04-13,-0.452
2467,2018-04-20,-0.472
2468,2018-04-27,-0.493
2469,2018-05-04,-0.511
2470,2018-05-11,-0.522
2471,2018-05-18,-0.527
2472,2018-05-25,-0.526
2473,2018-06-01,-0.52
2474,2018-06-08,-0.515
2475,2018-06-15,-0.508
2476,2018-06-22,-0.502
2477,2018-06-29,-0.499
2478,2018-07-06,-0.503
2479,2018-07-13,-0.514
2480,2018-07-20,-0.531
2481,2018-07-27,-0.552
2482,2018-08-03,-0.572
2483,2018-08-10,-0.587
2484,2018-08-17,-0.595
2485,2018-08-24,-0.599
2486,2018-08-31,-0.603
2487,2018-09-07,-0.609
2488,2018-09-14,-0.617
2489,2018-09-21,-0.623
2490,2018-09-28,-0.624
2491,2018-10-05,-0.618
2492,2018-10-12,-0.605
2493,2018-10-19,-0.591
2494,2018-10-26,-0.578
2495,2018-11-02,-0.569
2496,2018-11-09,-0.562
2497,2018-11-16,-0.547
2498,2018-11-23,-0.522
2499,2018-11-30,-0.491
2500,2018-12-07,-0.457
2501,2018-12-14,-0.432
2502,2018-12-21,-0.421
2503,2018-12-28,-0.426
2504,2019-01-04,-0.444
2505,2019-01-11,-0.466
2506,2019-01-18,-0.487
2507,2019-01-25,-0.506
2508,2019-02-01,-0.524
2509,2019-02-08,-0.542
2510,2019-02-15,-0.562
2511,2019-02-22,-0.58
2512,2019-03-01,-0.593
2513,2019-03-08,-0.597
2514,2019-03-15,-0.595
2515,2019-03-22,-0.592
2516,2019-03-29,-0.592
2517,2019-04-05,-0.598
2518,2019-04-12,-0.608
2519,2019-04-19,-0.618
2520,2019-04-26,-0.621
2521,2019-05-03,-0.619
2522,2019-05-10,-0.61
2523,2019-05-17,-0.6
2524,2019-05-24,-0.593
2525,2019-05-31,-0.588
2526,2019-06-07,-0.586
2527,2019-06-14,-0.585
2528,2019-06-21,-0.583
2529,2019-06-28,-0.582
2530,2019-07-05,-0.585
2531,2019-07-12,-0.589
2532,2019-07-19,-0.591
2533,2019-07-26,-0.59
2534,2019-08-02,-0.58
2535,2019-08-09,-0.565
2536,2019-08-16,-0.547
2537,2019-08-23,-0.538
2538,2019-08-30,-0.537
2539,2019-09-06,-0.548
2540,2019-09-13,-0.56
2541,2019-09-20,-0.568
2542,2019-09-27,-0.567
2543,2019-10-04,-0.56
2544,2019-10-11,-0.554
2545,2019-10-18,-0.558
2546,2019-10-25,-0.576
2547,2019-11-01,-0.6
2548,2019-11-08,-0.62
2549,2019-11-15,-0.626
2550,2019-11-22,-0.613
2551,2019-11-29,-0.586
2552,2019-12-06,-0.558
2553,2019-12-13,-0.543
2554,2019-12-20,-0.544
2555,2019-12-27,-0.556
2556,2020-01-03,-0.569
2557,2020-01-10,-0.576
2558,2020-01-17,-0.58
2559,2020-01-24,-0.588
2560,2020-01-31,-0.604
2561,2020-02-07,-0.622
2562,2020-02-14,-0.615
2563,2020-02-21,-0.545
2564,2020-02-28,-0.391
2565,2020-03-06,-0.172
2566,2020-03-13,0.08
2567,2020-03-20,0.306
2568,2020-03-27,0.443
2569,2020-04-03,0.483
2570,2020-04-10,0.435
2571,2020-04-17,0.337
2572,2020-04-24,0.23
2573,2020-05-01,0.123
2574,2020-05-08,0.018
2575,2020-05-15,-0.087
2576,2020-05-22,-0.202
2577,2020-05-29,-0.315
2578,2020-06-05,-0.407
2579,2020-06-12,-0.459
2580,2020-06-19,-0.477
2581,2020-06-26,-0.474
2582,2020-07-03,-0.471
2583,2020-07-10,-0.483
2584,2020-07-17,-0.507
2585,2020-07-24,-0.537
2586,2020-07-31,-0.557
2587,2020-08-07,-0.562
2588,2020-08-14,-0.563
2589,2020-08-21,-0.572
2590,2020-08-28,-0.597
2591,2020-09-04,-0.635
2592,2020-09-11,-0.668
2593,2020-09-18,-0.683
2594,2020-09-25,-0.669
2595,2020-10-02,-0.631
2596,2020-10-09,-0.58
2597,2020-10-16,-0.538
2598,2020-10-23,-0.513
2599,2020-10-30,-0.504
2600,2020-11-06,-0.505
2601,2020-11-13,-0.509
2602,2020-11-20,-0.507
2603,2020-11-27,-0.501
2604,2020-12-04,-0.495
2605,2020-12-11,-0.495
2606,2020-12-18,-0.499
2607,2020-12-25,-0.504
2608,2021-01-01,-0.507
2609,2021-01-08,-0.506
2610,2021-01-15,-0.505
2611,2021-01-22,-0.507
2612,2021-01-29,-0.514
2613,2021-02-05,-0.532
2614,2021-02-12,-0.548
2615,2021-02-19,-0.561
2616,2021-02-26,-0.566
2617,2021-03-05,-0.565
2618,2021-03-12,-0.561
2619,2021-03-19,-0.558
2620,2021-03-26,-0.56
2621,2021-04-02,-0.565
2622,2021-04-09,-0.569
2623,2021-04-16,-0.569
2624,2021-04-23,-0.564
2625,2021-04-30,-0.558
2626,2021-05-07,-0.555
2627,2021-05-14,-0.555
2628,2021-05-21,-0.562
2629,2021-05-28,-0.572
2630,2021-06-04,-0.582
2631,2021-06-11,-0.587
2632,2021-06-18,-0.589
2633,2021-06-25,-0.591
2634,2021-07-02,-0.593
2635,2021-07-09,-0.598
2636,2021-07-16,-0.603
2637,2021-07-23,-0.605
2638,2021-07-30,-0.603
2639,2021-08-06,-0.6
2640,2021-08-13,-0.601
2641,2021-08-20,-0.608
2642,2021-08-27,-0.625
2643,2021-09-03,-0.646
2644,2021-09-10,-0.664
2645,2021-09-17,-0.674
2646,2021-09-24,-0.673
2647,2021-10-01,-0.666
2648,2021-10-08,-0.657
2649,2021-10-15,-0.649
2650,2021-10-22,-0.642
2651,2021-10-29,-0.631
2652,2021-11-05,-0.611
2653,2021-11-12,-0.582
2654,2021-11-19,-0.549
2655,2021-11-26,-0.519
2656,2021-12-03,-0.503
2657,2021-12-10,-0.505
2658,2021-12-17,-0.52
2659,2021-12-24,-0.538
2660,2021-12-31,-0.55
2661,2022-01-07,-0.553
2662,2022-01-14,-0.546
2663,2022-01-21,-0.535
2664,2022-01-28,-0.522
2665,2022-02-04,-0.506
2666,2022-02-11,-0.477
2667,2022-02-18,-0.431
2668,2022-02-25,-0.373
2669,2022-03-04,-0.311
2670,2022-03-11,-0.266
2671,2022-03-18,-0.25
2672,2022-03-25,-0.259
2673,2022-04-01,-0.281
2674,2022-04-08,-0.295
2675,2022-04-15,-0.286
2676,2022-04-22,-0.255
2677,2022-04-29,-0.211
2678,2022-05-06,-0.173
2679,2022-05-13,-0.152
2680,2022-05-20,-0.146
2681,2022-05-27,-0.139
2682,2022-06-03,-0.121
2683,2022-06-10,-0.088
2684,2022-06-17,-0.049
2685,2022-06-24,-0.023
2686,2022-07-01,-0.028
2687,2022-07-08,-0.064
2688,2022-07-15,-0.121
2689,2022-07-22,-0.179
2690,2022-07-29,-0.22
2691,2022-08-05,-0.24
2692,2022-08-12,-0.243
2693,2022-08-19,-0.238
2694,2022-08-26,-0.23
2695,2022-09-02,-0.22
2696,2022-09-09,-0.204
2697,2022-09-16,-0.173
2698,2022-09-23,-0.133
2699,2022-09-30,-0.093
2700,2022-10-07,-0.067
2701,2022-10-14,-0.063
2702,2022-10-21,-0.084
2703,2022-10-28,-0.117
2704,2022-11-04,-0.153
2705,2022-11-11,-0.18
2706,2022-11-18,-0.192
2707,2022-11-25,-0.193
2708,2022-12-02,-0.192
2709,2022-12-09,-0.195
2710,2022-12-16,-0.206
2711,2022-12-23,-0.223
2712,2022-12-30,-0.244
2713,2023-01-06,-0.263
2714,2023-01-13,-0.28
2715,2023-01-20,-0.293
2716,2023-01-27,-0.305
2717,2023-02-03,-0.313
2718,2023-02-10,-0.313
2719,2023-02-17,-0.298
2720,2023-02-24,-0.263
2721,2023-03-03,-0.214
2722,2023-03-10,-0.161
2723,2023-03-17,-0.115
2724,2023-03-24,-0.097
2725,2023-03-31,-0.109
2726,2023-04-07,-0.137
2727,2023-04-14,-0.174
2728,2023-04-21,-0.205
2729,2023-04-28,-0.222
2730,2023-05-05,-0.228
2731,2023-05-12,-0.229
2732,2023-05-19,-0.23
2733,2023-05-26,-0.232
2734,2023-06-02,-0.234
2735,2023-06-09,-0.23
2736,2023-06-16,-0.225
2737,2023-06-23,-0.22
2738,2023-06-30,-0.22
2739,2023-07-07,-0.227
2740,2023-07-14,-0.242
2741,2023-07-21,-0.26
2742,2023-07-28,-0.274
2743,2023-08-04,-0.283
2744,2023-08-11,-0.286
2745,2023-08-18,-0.284
2746,2023-08-25,-0.281
2747,2023-09-01,-0.28
2748,2023-09-08,-0.277
2749,2023-09-15,-0.275
2750,2023-09-22,-0.269
2751,2023-09-29,-0.258
2752,2023-10-06,-0.249
2753,2023-10-13,-0.244
2754,2023-10-20,-0.248
2755,2023-10-27,-0.261
2756,2023-11-03,-0.284
2757,2023-11-10,-0.308
2758,2023-11-17,-0.33
2759,2023-11-24,-0.347
2760,2023-12-01,-0.358
2761,2023-12-08,-0.366
2762,2023-12-15,-0.376
2763,2023-12-22,-0.388
2764,2023-12-29,-0.402
2765,2024-01-05,-0.417
2766,2024-01-12,-0.429
2767,2024-01-19,-0.436
2768,2024-01-26,-0.44
2769,2024-02-02,-0.443
2770,2024-02-09,-0.446
2771,2024-02-16,-0.452
2772,2024-02-23,-0.462
2773,2024-03-01,-0.472
2774,2024-03-08,-0.481
2775,2024-03-15,-0.485
2776,2024-03-22,-0.484
2777,2024-03-29,-0.476
2778,2024-04-05,-0.464
2779,2024-04-12,-0.45
2780,2024-04-19,-0.438
2781,2024-04-26,-0.432
2782,2024-05-03,-0.431
2783,2024-05-10,-0.432
2784,2024-05-17,-0.432
2785,2024-05-24,-0.426
2786,2024-05-31,-0.414
2787,2024-06-07,-0.398
2788,2024-06-14,-0.382
2789,2024-06-21,-0.371
2790,2024-06-28,-0.365
2791,2024-07-05,-0.362
2792,2024-07-12,-0.359
2793,2024-07-19,-0.355
2794,2024-07-26,-0.351
2795,2024-08-02,-0.351
2796,2024-08-09,-0.357
2797,2024-08-16,-0.373
2798,2024-08-23,-0.394
2799,2024-08-30,-0.416
2800,2024-09-06,-0.436
2801,2024-09-13,-0.452
2802,2024-09-20,-0.462
2803,2024-09-27,-0.471
2804,2024-10-04,-0.479
2805,2024-10-11,-0.486
2806,2024-10-18,-0.495
2807,2024-10-25,-0.504
2808,2024-11-01,-0.513
2809,2024-11-08,-0.522
2810,2024-11-15,-0.529
2811,2024-11-22,-0.531
2812,2024-11-29,-0.53
2813,2024-12-06,-0.526
2814,2024-12-13,-0.52
2815,2024-12-20,-0.516
2816,2024-12-27,-0.518
2817,2025-01-03,-0.522
2818,2025-01-10,-0.528
2819,2025-01-17,-0.531
2820,2025-01-24,-0.529
2821,2025-01-31,-0.521
2822,2025-02-07,-0.506
2823,2025-02-14,-0.49
2824,2025-02-21,-0.474
2825,2025-02-28,-0.461
2826,2025-03-07,-0.452
2827,2025-03-14,-0.443
2828,2025-03-21,-0.433
2829,2025-03-28,-0.42
2830,2025-04-04,-0.405
2831,2025-04-11,-0.394
2832,2025-04-18,-0.394
2833,2025-04-25,-0.405
2834,2025-05-02,-0.424
2835,2025-05-09,-0.447
2836,2025-05-16,-0.467
2837,2025-05-23,-0.478
2838,2025-05-30,-0.483
2839,2025-06-06,-0.483
2840,2025-06-13,-0.484
2841,2025-06-20,-0.488
2842,2025-06-27,-0.494
2843,2025-07-04,-0.501
2844,2025-07-11,-0.506
2845,2025-07-18,-0.508
2846,2025-07-25,-0.509
2847,2025-08-01,-0.509
2848,2025-08-08,-0.511
2849,2025-08-15,-0.514
2850,2025-08-22,-0.515
2851,2025-08-29,-0.517
2852,2025-09-05,-0.52
2853,2025-09-12,-0.525
2854,2025-09-19,-0.531
2855,2025-09-26,-0.539
2856,2025-10-03,-0.547
2857,2025-10-10,-0.552
2858,2025-10-17,-0.553
2859,2025-10-24,-0.553
2860,2025-10-31,-0.552
2861,2025-11-07,-0.553
2862,2025-11-14,-0.555
2863,2025-11-21,-0.555
2864,2025-11-28,-0.555
2865,2025-12-05,-0.554
2866,2025-12-12,-0.552
2867,2025-12-19,-0.555
2868,2025-12-26,-0.563
2869,2026-01-02,-0.573
2870,2026-01-09,-0.582
2871,2026-01-16,-0.588
2872,2026-01-23,-0.587
2873,2026-01-30,-0.581
2874,2026-02-06,-0.569
2875,2026-02-13,-0.554
2876,2026-02-20,-0.535
2877,2026-02-27,-0.515
2878,2026-03-06,-0.492
2879,2026-03-13,-0.47
2880,2026-03-20,-0.452
2881,2026-03-27,-0.438
2882,2026-04-03,-0.433
