,Date,BAML_C0A0CM,d_BAML_C0A0CM
0,1997-01-03,0.61,
1,1997-01-10,0.73,0.12
2,1997-01-17,0.6,-0.13
3,1997-01-24,0.6,0.0
4,1997-01-31,0.61,0.010000000000000009
5,1997-02-07,0.61,0.0
6,1997-02-14,0.59,-0.020000000000000018
7,1997-02-21,0.59,0.0
8,1997-02-28,0.59,0.0
9,1997-03-07,0.57,-0.020000000000000018
10,1997-03-14,0.57,0.0
11,1997-03-21,0.57,0.0
12,1997-03-28,0.56,-0.009999999999999898
13,1997-04-04,0.58,0.019999999999999907
14,1997-04-11,0.58,0.0
15,1997-04-18,0.58,0.0
16,1997-04-25,0.59,0.010000000000000009
17,1997-05-02,0.59,0.0
18,1997-05-09,0.59,0.0
19,1997-05-16,0.58,-0.010000000000000009
20,1997-05-23,0.59,0.010000000000000009
21,1997-05-30,0.6,0.010000000000000009
22,1997-06-06,0.59,-0.010000000000000009
23,1997-06-13,0.57,-0.020000000000000018
24,1997-06-20,0.57,0.0
25,1997-06-27,0.57,0.0
26,1997-07-04,0.58,0.010000000000000009
27,1997-07-11,0.57,-0.010000000000000009
28,1997-07-18,0.56,-0.009999999999999898
29,1997-07-25,0.56,0.0
30,1997-08-01,0.56,0.0
31,1997-08-08,0.55,-0.010000000000000009
32,1997-08-15,0.57,0.019999999999999907
33,1997-08-22,0.56,-0.009999999999999898
34,1997-08-29,0.57,0.009999999999999898
35,1997-09-05,0.58,0.010000000000000009
36,1997-09-12,0.59,0.010000000000000009
37,1997-09-19,0.57,-0.020000000000000018
38,1997-09-26,0.57,0.0
39,1997-10-03,0.53,-0.039999999999999925
40,1997-10-10,0.64,0.10999999999999999
41,1997-10-17,0.55,-0.08999999999999997
42,1997-10-24,0.57,0.019999999999999907
43,1997-10-31,0.67,0.10000000000000009
44,1997-11-07,0.69,0.019999999999999907
45,1997-11-14,0.7,0.010000000000000009
46,1997-11-21,0.7,0.0
47,1997-11-28,0.72,0.020000000000000018
48,1997-12-05,0.72,0.0
49,1997-12-12,0.73,0.010000000000000009
50,1997-12-19,0.73,0.0
51,1997-12-26,0.76,0.030000000000000027
52,1998-01-02,0.71,-0.050000000000000044
53,1998-01-09,0.72,0.010000000000000009
54,1998-01-16,0.73,0.010000000000000009
55,1998-01-23,0.73,0.0
56,1998-01-30,0.77,0.040000000000000036
57,1998-02-06,0.78,0.010000000000000009
58,1998-02-13,0.77,-0.010000000000000009
59,1998-02-20,0.76,-0.010000000000000009
60,1998-02-27,0.75,-0.010000000000000009
61,1998-03-06,0.74,-0.010000000000000009
62,1998-03-13,0.73,-0.010000000000000009
63,1998-03-20,0.73,0.0
64,1998-03-27,0.73,0.0
65,1998-04-03,0.74,0.010000000000000009
66,1998-04-10,0.73,-0.010000000000000009
67,1998-04-17,0.72,-0.010000000000000009
68,1998-04-24,0.72,0.0
69,1998-05-01,0.71,-0.010000000000000009
70,1998-05-08,0.72,0.010000000000000009
71,1998-05-15,0.7,-0.020000000000000018
72,1998-05-22,0.71,0.010000000000000009
73,1998-05-29,0.7,-0.010000000000000009
74,1998-06-05,0.72,0.020000000000000018
75,1998-06-12,0.73,0.010000000000000009
76,1998-06-19,0.73,0.0
77,1998-06-26,0.73,0.0
78,1998-07-03,0.77,0.040000000000000036
79,1998-07-10,0.79,0.020000000000000018
80,1998-07-17,0.8,0.010000000000000009
81,1998-07-24,0.86,0.05999999999999994
82,1998-07-31,0.82,-0.040000000000000036
83,1998-08-07,0.81,-0.009999999999999898
84,1998-08-14,0.83,0.019999999999999907
85,1998-08-21,0.86,0.030000000000000027
86,1998-08-28,1.0,0.14
87,1998-09-04,1.26,0.26
88,1998-09-11,1.26,0.0
89,1998-09-18,1.25,-0.010000000000000009
90,1998-09-25,1.27,0.020000000000000018
91,1998-10-02,1.35,0.08000000000000007
92,1998-10-09,1.36,0.010000000000000009
93,1998-10-16,1.4,0.039999999999999813
94,1998-10-23,1.37,-0.029999999999999805
95,1998-10-30,1.46,0.08999999999999986
96,1998-11-06,1.43,-0.030000000000000027
97,1998-11-13,1.42,-0.010000000000000009
98,1998-11-20,1.39,-0.030000000000000027
99,1998-11-27,1.32,-0.06999999999999984
100,1998-12-04,1.23,-0.09000000000000008
101,1998-12-11,1.22,-0.010000000000000009
102,1998-12-18,1.23,0.010000000000000009
103,1998-12-25,1.25,0.020000000000000018
104,1999-01-01,1.19,-0.06000000000000005
105,1999-01-08,1.16,-0.030000000000000027
106,1999-01-15,1.17,0.010000000000000009
107,1999-01-22,1.18,0.010000000000000009
108,1999-01-29,1.15,-0.030000000000000027
109,1999-02-05,1.14,-0.010000000000000009
110,1999-02-12,1.14,0.0
111,1999-02-19,1.1,-0.039999999999999813
112,1999-02-26,1.08,-0.020000000000000018
113,1999-03-05,1.07,-0.010000000000000009
114,1999-03-12,1.06,-0.010000000000000009
115,1999-03-19,1.02,-0.040000000000000036
116,1999-03-26,1.02,0.0
117,1999-04-02,1.03,0.010000000000000009
118,1999-04-09,1.05,0.020000000000000018
119,1999-04-16,1.03,-0.020000000000000018
120,1999-04-23,1.03,0.0
121,1999-04-30,1.07,0.040000000000000036
122,1999-05-07,1.03,-0.040000000000000036
123,1999-05-14,1.02,-0.010000000000000009
124,1999-05-21,1.04,0.020000000000000018
125,1999-05-28,1.08,0.040000000000000036
126,1999-06-04,1.09,0.010000000000000009
127,1999-06-11,1.09,0.0
128,1999-06-18,1.1,0.010000000000000009
129,1999-06-25,1.09,-0.010000000000000009
130,1999-07-02,1.13,0.039999999999999813
131,1999-07-09,1.14,0.010000000000000009
132,1999-07-16,1.13,-0.010000000000000009
133,1999-07-23,1.13,0.0
134,1999-07-30,1.21,0.08000000000000007
135,1999-08-06,1.21,0.0
136,1999-08-13,1.24,0.030000000000000027
137,1999-08-20,1.24,0.0
138,1999-08-27,1.24,0.0
139,1999-09-03,1.28,0.040000000000000036
140,1999-09-10,1.27,-0.010000000000000009
141,1999-09-17,1.25,-0.020000000000000018
142,1999-09-24,1.26,0.010000000000000009
143,1999-10-01,1.21,-0.050000000000000044
144,1999-10-08,1.22,0.010000000000000009
145,1999-10-15,1.14,-0.08000000000000007
146,1999-10-22,1.19,0.050000000000000044
147,1999-10-29,1.17,-0.020000000000000018
148,1999-11-05,1.22,0.050000000000000044
149,1999-11-12,1.2,-0.020000000000000018
150,1999-11-19,1.21,0.010000000000000009
151,1999-11-26,1.19,-0.020000000000000018
152,1999-12-03,1.17,-0.020000000000000018
153,1999-12-10,1.17,0.0
154,1999-12-17,1.16,-0.010000000000000009
155,1999-12-24,1.15,-0.010000000000000009
156,1999-12-31,1.16,0.010000000000000009
157,2000-01-07,1.2,0.040000000000000036
158,2000-01-14,1.19,-0.010000000000000009
159,2000-01-21,1.19,0.0
160,2000-01-28,1.17,-0.020000000000000018
161,2000-02-04,1.17,0.0
162,2000-02-11,1.21,0.040000000000000036
163,2000-02-18,1.21,0.0
164,2000-02-25,1.22,0.010000000000000009
165,2000-03-03,1.32,0.10000000000000009
166,2000-03-10,1.31,-0.010000000000000009
167,2000-03-17,1.34,0.030000000000000027
168,2000-03-24,1.34,0.0
169,2000-03-31,1.48,0.1399999999999999
170,2000-04-07,1.51,0.030000000000000027
171,2000-04-14,1.57,0.06000000000000005
172,2000-04-21,1.56,-0.010000000000000009
173,2000-04-28,1.63,0.06999999999999984
174,2000-05-05,1.61,-0.019999999999999796
175,2000-05-12,1.65,0.039999999999999813
176,2000-05-19,1.68,0.030000000000000027
177,2000-05-26,1.73,0.050000000000000044
178,2000-06-02,1.78,0.050000000000000044
179,2000-06-09,1.72,-0.06000000000000005
180,2000-06-16,1.7,-0.020000000000000018
181,2000-06-23,1.68,-0.020000000000000018
182,2000-06-30,1.71,0.030000000000000027
183,2000-07-07,1.71,0.0
184,2000-07-14,1.69,-0.020000000000000018
185,2000-07-21,1.67,-0.020000000000000018
186,2000-07-28,1.66,-0.010000000000000009
187,2000-08-04,1.69,0.030000000000000027
188,2000-08-11,1.69,0.0
189,2000-08-18,1.69,0.0
190,2000-08-25,1.71,0.020000000000000018
191,2000-09-01,1.72,0.010000000000000009
192,2000-09-08,1.72,0.0
193,2000-09-15,1.7,-0.020000000000000018
194,2000-09-22,1.69,-0.010000000000000009
195,2000-09-29,1.65,-0.040000000000000036
196,2000-10-06,1.68,0.030000000000000027
197,2000-10-13,1.76,0.08000000000000007
198,2000-10-20,1.81,0.050000000000000044
199,2000-10-27,1.84,0.030000000000000027
200,2000-11-03,1.87,0.030000000000000027
201,2000-11-10,1.87,0.0
202,2000-11-17,1.88,0.009999999999999787
203,2000-11-24,1.92,0.040000000000000036
204,2000-12-01,1.99,0.07000000000000006
205,2000-12-08,2.04,0.050000000000000044
206,2000-12-15,1.99,-0.050000000000000044
207,2000-12-22,2.0,0.010000000000000009
208,2000-12-29,2.03,0.029999999999999805
209,2001-01-05,2.01,-0.020000000000000018
210,2001-01-12,1.94,-0.06999999999999984
211,2001-01-19,1.91,-0.030000000000000027
212,2001-01-26,1.84,-0.06999999999999984
213,2001-02-02,1.74,-0.10000000000000009
214,2001-02-09,1.77,0.030000000000000027
215,2001-02-16,1.78,0.010000000000000009
216,2001-02-23,1.81,0.030000000000000027
217,2001-03-02,1.79,-0.020000000000000018
218,2001-03-09,1.76,-0.030000000000000027
219,2001-03-16,1.78,0.020000000000000018
220,2001-03-23,1.8,0.020000000000000018
221,2001-03-30,1.78,-0.020000000000000018
222,2001-04-06,1.81,0.030000000000000027
223,2001-04-13,1.81,0.0
224,2001-04-20,1.78,-0.030000000000000027
225,2001-04-27,1.79,0.010000000000000009
226,2001-05-04,1.63,-0.16000000000000014
227,2001-05-11,1.61,-0.019999999999999796
228,2001-05-18,1.57,-0.040000000000000036
229,2001-05-25,1.55,-0.020000000000000018
230,2001-06-01,1.53,-0.020000000000000018
231,2001-06-08,1.51,-0.020000000000000018
232,2001-06-15,1.52,0.010000000000000009
233,2001-06-22,1.56,0.040000000000000036
234,2001-06-29,1.55,-0.010000000000000009
235,2001-07-06,1.55,0.0
236,2001-07-13,1.54,-0.010000000000000009
237,2001-07-20,1.53,-0.010000000000000009
238,2001-07-27,1.51,-0.020000000000000018
239,2001-08-03,1.49,-0.020000000000000018
240,2001-08-10,1.49,0.0
241,2001-08-17,1.53,0.040000000000000036
242,2001-08-24,1.53,0.0
243,2001-08-31,1.53,0.0
244,2001-09-07,1.57,0.040000000000000036
245,2001-09-14,1.8,0.22999999999999998
246,2001-09-21,1.87,0.07000000000000006
247,2001-09-28,1.85,-0.020000000000000018
248,2001-10-05,1.84,-0.010000000000000009
249,2001-10-12,1.84,0.0
250,2001-10-19,1.83,-0.010000000000000009
251,2001-10-26,1.86,0.030000000000000027
252,2001-11-02,1.94,0.07999999999999985
253,2001-11-09,1.91,-0.030000000000000027
254,2001-11-16,1.81,-0.09999999999999987
255,2001-11-23,1.74,-0.07000000000000006
256,2001-11-30,1.71,-0.030000000000000027
257,2001-12-07,1.67,-0.040000000000000036
258,2001-12-14,1.72,0.050000000000000044
259,2001-12-21,1.7,-0.020000000000000018
260,2001-12-28,1.68,-0.020000000000000018
261,2002-01-04,1.62,-0.05999999999999983
262,2002-01-11,1.65,0.029999999999999805
263,2002-01-18,1.65,0.0
264,2002-01-25,1.62,-0.029999999999999805
265,2002-02-01,1.71,0.08999999999999986
266,2002-02-08,1.83,0.1200000000000001
267,2002-02-15,1.84,0.010000000000000009
268,2002-02-22,1.87,0.030000000000000027
269,2002-03-01,1.78,-0.09000000000000008
270,2002-03-08,1.71,-0.07000000000000006
271,2002-03-15,1.69,-0.020000000000000018
272,2002-03-22,1.68,-0.010000000000000009
273,2002-03-29,1.71,0.030000000000000027
274,2002-04-05,1.72,0.010000000000000009
275,2002-04-12,1.74,0.020000000000000018
276,2002-04-19,1.71,-0.030000000000000027
277,2002-04-26,1.82,0.1100000000000001
278,2002-05-03,1.9,0.07999999999999985
279,2002-05-10,1.89,-0.010000000000000009
280,2002-05-17,1.88,-0.010000000000000009
281,2002-05-24,1.84,-0.039999999999999813
282,2002-05-31,1.62,-0.21999999999999997
283,2002-06-07,1.64,0.019999999999999796
284,2002-06-14,1.69,0.050000000000000044
285,2002-06-21,1.73,0.040000000000000036
286,2002-06-28,1.9,0.16999999999999993
287,2002-07-05,1.89,-0.010000000000000009
288,2002-07-12,1.92,0.030000000000000027
289,2002-07-19,2.03,0.10999999999999988
290,2002-07-26,2.38,0.3500000000000001
291,2002-08-02,2.29,-0.08999999999999986
292,2002-08-09,2.41,0.1200000000000001
293,2002-08-16,2.36,-0.050000000000000266
294,2002-08-23,2.24,-0.11999999999999966
295,2002-08-30,2.22,-0.020000000000000018
296,2002-09-06,2.28,0.05999999999999961
297,2002-09-13,2.23,-0.04999999999999982
298,2002-09-20,2.26,0.029999999999999805
299,2002-09-27,2.33,0.07000000000000028
300,2002-10-04,2.42,0.08999999999999986
301,2002-10-11,2.65,0.22999999999999998
302,2002-10-18,2.62,-0.029999999999999805
303,2002-10-25,2.57,-0.050000000000000266
304,2002-11-01,2.45,-0.11999999999999966
305,2002-11-08,2.3,-0.15000000000000036
306,2002-11-15,2.18,-0.11999999999999966
307,2002-11-22,2.0,-0.18000000000000016
308,2002-11-29,2.0,0.0
309,2002-12-06,1.97,-0.030000000000000027
310,2002-12-13,1.96,-0.010000000000000009
311,2002-12-20,1.89,-0.07000000000000006
312,2002-12-27,1.9,0.010000000000000009
313,2003-01-03,1.85,-0.04999999999999982
314,2003-01-10,1.75,-0.10000000000000009
315,2003-01-17,1.75,0.0
316,2003-01-24,1.76,0.010000000000000009
317,2003-01-31,1.74,-0.020000000000000018
318,2003-02-07,1.7,-0.040000000000000036
319,2003-02-14,1.71,0.010000000000000009
320,2003-02-21,1.68,-0.030000000000000027
321,2003-02-28,1.66,-0.020000000000000018
322,2003-03-07,1.69,0.030000000000000027
323,2003-03-14,1.68,-0.010000000000000009
324,2003-03-21,1.62,-0.05999999999999983
325,2003-03-28,1.58,-0.040000000000000036
326,2003-04-04,1.55,-0.030000000000000027
327,2003-04-11,1.53,-0.020000000000000018
328,2003-04-18,1.45,-0.08000000000000007
329,2003-04-25,1.37,-0.07999999999999985
330,2003-05-02,1.3,-0.07000000000000006
331,2003-05-09,1.29,-0.010000000000000009
332,2003-05-16,1.33,0.040000000000000036
333,2003-05-23,1.34,0.010000000000000009
334,2003-05-30,1.32,-0.020000000000000018
335,2003-06-06,1.3,-0.020000000000000018
336,2003-06-13,1.27,-0.030000000000000027
337,2003-06-20,1.23,-0.040000000000000036
338,2003-06-27,1.22,-0.010000000000000009
339,2003-07-04,1.23,0.010000000000000009
340,2003-07-11,1.22,-0.010000000000000009
341,2003-07-18,1.18,-0.040000000000000036
342,2003-07-25,1.15,-0.030000000000000027
343,2003-08-01,1.2,0.050000000000000044
344,2003-08-08,1.22,0.020000000000000018
345,2003-08-15,1.23,0.010000000000000009
346,2003-08-22,1.19,-0.040000000000000036
347,2003-08-29,1.17,-0.020000000000000018
348,2003-09-05,1.17,0.0
349,2003-09-12,1.16,-0.010000000000000009
350,2003-09-19,1.12,-0.039999999999999813
351,2003-09-26,1.12,0.0
352,2003-10-03,1.11,-0.010000000000000009
353,2003-10-10,1.09,-0.020000000000000018
354,2003-10-17,1.05,-0.040000000000000036
355,2003-10-24,1.07,0.020000000000000018
356,2003-10-31,1.05,-0.020000000000000018
357,2003-11-07,1.06,0.010000000000000009
358,2003-11-14,1.03,-0.030000000000000027
359,2003-11-21,1.03,0.0
360,2003-11-28,1.01,-0.020000000000000018
361,2003-12-05,0.99,-0.020000000000000018
362,2003-12-12,0.99,0.0
363,2003-12-19,0.96,-0.030000000000000027
364,2003-12-26,0.96,0.0
365,2004-01-02,0.94,-0.020000000000000018
366,2004-01-09,0.93,-0.009999999999999898
367,2004-01-16,0.93,0.0
368,2004-01-23,0.91,-0.020000000000000018
369,2004-01-30,0.92,0.010000000000000009
370,2004-02-06,0.94,0.019999999999999907
371,2004-02-13,0.94,0.0
372,2004-02-20,0.95,0.010000000000000009
373,2004-02-27,0.95,0.0
374,2004-03-05,0.95,0.0
375,2004-03-12,0.96,0.010000000000000009
376,2004-03-19,0.96,0.0
377,2004-03-26,0.97,0.010000000000000009
378,2004-04-02,0.94,-0.030000000000000027
379,2004-04-09,0.93,-0.009999999999999898
380,2004-04-16,0.9,-0.030000000000000027
381,2004-04-23,0.87,-0.030000000000000027
382,2004-04-30,0.91,0.040000000000000036
383,2004-05-07,0.94,0.029999999999999916
384,2004-05-14,0.98,0.040000000000000036
385,2004-05-21,0.98,0.0
386,2004-05-28,0.97,-0.010000000000000009
387,2004-06-04,0.99,0.020000000000000018
388,2004-06-11,0.98,-0.010000000000000009
389,2004-06-18,0.97,-0.010000000000000009
390,2004-06-25,0.98,0.010000000000000009
391,2004-07-02,1.0,0.020000000000000018
392,2004-07-09,1.0,0.0
393,2004-07-16,0.98,-0.020000000000000018
394,2004-07-23,0.97,-0.010000000000000009
395,2004-07-30,0.96,-0.010000000000000009
396,2004-08-06,1.0,0.040000000000000036
397,2004-08-13,0.99,-0.010000000000000009
398,2004-08-20,0.98,-0.010000000000000009
399,2004-08-27,0.96,-0.020000000000000018
400,2004-09-03,0.94,-0.020000000000000018
401,2004-09-10,0.94,0.0
402,2004-09-17,0.92,-0.019999999999999907
403,2004-09-24,0.92,0.0
404,2004-10-01,0.91,-0.010000000000000009
405,2004-10-08,0.91,0.0
406,2004-10-15,0.91,0.0
407,2004-10-22,0.93,0.020000000000000018
408,2004-10-29,0.91,-0.020000000000000018
409,2004-11-05,0.89,-0.020000000000000018
410,2004-11-12,0.88,-0.010000000000000009
411,2004-11-19,0.87,-0.010000000000000009
412,2004-11-26,0.86,-0.010000000000000009
413,2004-12-03,0.86,0.0
414,2004-12-10,0.85,-0.010000000000000009
415,2004-12-17,0.84,-0.010000000000000009
416,2004-12-24,0.84,0.0
417,2004-12-31,0.83,-0.010000000000000009
418,2005-01-07,0.84,0.010000000000000009
419,2005-01-14,0.85,0.010000000000000009
420,2005-01-21,0.87,0.020000000000000018
421,2005-01-28,0.84,-0.030000000000000027
422,2005-02-04,0.83,-0.010000000000000009
423,2005-02-11,0.84,0.010000000000000009
424,2005-02-18,0.82,-0.020000000000000018
425,2005-02-25,0.81,-0.009999999999999898
426,2005-03-04,0.79,-0.020000000000000018
427,2005-03-11,0.79,0.0
428,2005-03-18,0.84,0.04999999999999993
429,2005-03-25,0.88,0.040000000000000036
430,2005-04-01,0.93,0.050000000000000044
431,2005-04-08,0.94,0.009999999999999898
432,2005-04-15,1.02,0.08000000000000007
433,2005-04-22,0.99,-0.030000000000000027
434,2005-04-29,1.02,0.030000000000000027
435,2005-05-06,1.07,0.050000000000000044
436,2005-05-13,1.1,0.030000000000000027
437,2005-05-20,1.09,-0.010000000000000009
438,2005-05-27,1.05,-0.040000000000000036
439,2005-06-03,0.95,-0.10000000000000009
440,2005-06-10,0.96,0.010000000000000009
441,2005-06-17,0.94,-0.020000000000000018
442,2005-06-24,0.96,0.020000000000000018
443,2005-07-01,0.95,-0.010000000000000009
444,2005-07-08,0.94,-0.010000000000000009
445,2005-07-15,0.91,-0.029999999999999916
446,2005-07-22,0.89,-0.020000000000000018
447,2005-07-29,0.87,-0.020000000000000018
448,2005-08-05,0.88,0.010000000000000009
449,2005-08-12,0.89,0.010000000000000009
450,2005-08-19,0.88,-0.010000000000000009
451,2005-08-26,0.87,-0.010000000000000009
452,2005-09-02,0.89,0.020000000000000018
453,2005-09-09,0.89,0.0
454,2005-09-16,0.89,0.0
455,2005-09-23,0.9,0.010000000000000009
456,2005-09-30,0.89,-0.010000000000000009
457,2005-10-07,0.9,0.010000000000000009
458,2005-10-14,0.92,0.020000000000000018
459,2005-10-21,0.9,-0.020000000000000018
460,2005-10-28,0.91,0.010000000000000009
461,2005-11-04,0.92,0.010000000000000009
462,2005-11-11,0.93,0.010000000000000009
463,2005-11-18,0.95,0.019999999999999907
464,2005-11-25,0.95,0.0
465,2005-12-02,0.97,0.020000000000000018
466,2005-12-09,0.98,0.010000000000000009
467,2005-12-16,0.98,0.0
468,2005-12-23,0.99,0.010000000000000009
469,2005-12-30,0.99,0.0
470,2006-01-06,0.92,-0.06999999999999995
471,2006-01-13,0.93,0.010000000000000009
472,2006-01-20,0.92,-0.010000000000000009
473,2006-01-27,0.9,-0.020000000000000018
474,2006-02-03,0.89,-0.010000000000000009
475,2006-02-10,0.89,0.0
476,2006-02-17,0.88,-0.010000000000000009
477,2006-02-24,0.88,0.0
478,2006-03-03,0.87,-0.010000000000000009
479,2006-03-10,0.88,0.010000000000000009
480,2006-03-17,0.88,0.0
481,2006-03-24,0.88,0.0
482,2006-03-31,0.9,0.020000000000000018
483,2006-04-07,0.89,-0.010000000000000009
484,2006-04-14,0.89,0.0
485,2006-04-21,0.89,0.0
486,2006-04-28,0.88,-0.010000000000000009
487,2006-05-05,0.87,-0.010000000000000009
488,2006-05-12,0.87,0.0
489,2006-05-19,0.9,0.030000000000000027
490,2006-05-26,0.91,0.010000000000000009
491,2006-06-02,0.93,0.020000000000000018
492,2006-06-09,0.94,0.009999999999999898
493,2006-06-16,0.95,0.010000000000000009
494,2006-06-23,0.96,0.010000000000000009
495,2006-06-30,0.97,0.010000000000000009
496,2006-07-07,0.97,0.0
497,2006-07-14,0.98,0.010000000000000009
498,2006-07-21,0.97,-0.010000000000000009
499,2006-07-28,0.97,0.0
500,2006-08-04,0.98,0.010000000000000009
501,2006-08-11,0.98,0.0
502,2006-08-18,0.97,-0.010000000000000009
503,2006-08-25,0.97,0.0
504,2006-09-01,0.98,0.010000000000000009
505,2006-09-08,0.97,-0.010000000000000009
506,2006-09-15,0.96,-0.010000000000000009
507,2006-09-22,0.97,0.010000000000000009
508,2006-09-29,0.97,0.0
509,2006-10-06,0.97,0.0
510,2006-10-13,0.96,-0.010000000000000009
511,2006-10-20,0.95,-0.010000000000000009
512,2006-10-27,0.95,0.0
513,2006-11-03,0.94,-0.010000000000000009
514,2006-11-10,0.93,-0.009999999999999898
515,2006-11-17,0.93,0.0
516,2006-11-24,0.92,-0.010000000000000009
517,2006-12-01,0.94,0.019999999999999907
518,2006-12-08,0.91,-0.029999999999999916
519,2006-12-15,0.92,0.010000000000000009
520,2006-12-22,0.91,-0.010000000000000009
521,2006-12-29,0.9,-0.010000000000000009
522,2007-01-05,0.91,0.010000000000000009
523,2007-01-12,0.9,-0.010000000000000009
524,2007-01-19,0.89,-0.010000000000000009
525,2007-01-26,0.88,-0.010000000000000009
526,2007-02-02,0.88,0.0
527,2007-02-09,0.87,-0.010000000000000009
528,2007-02-16,0.86,-0.010000000000000009
529,2007-02-23,0.86,0.0
530,2007-03-02,0.9,0.040000000000000036
531,2007-03-09,0.9,0.0
532,2007-03-16,0.93,0.030000000000000027
533,2007-03-23,0.93,0.0
534,2007-03-30,0.93,0.0
535,2007-04-06,0.95,0.019999999999999907
536,2007-04-13,0.93,-0.019999999999999907
537,2007-04-20,0.93,0.0
538,2007-04-27,0.93,0.0
539,2007-05-04,0.94,0.009999999999999898
540,2007-05-11,0.93,-0.009999999999999898
541,2007-05-18,0.92,-0.010000000000000009
542,2007-05-25,0.92,0.0
543,2007-06-01,0.94,0.019999999999999907
544,2007-06-08,0.96,0.020000000000000018
545,2007-06-15,0.95,-0.010000000000000009
546,2007-06-22,0.97,0.020000000000000018
547,2007-06-29,0.99,0.020000000000000018
548,2007-07-06,1.0,0.010000000000000009
549,2007-07-13,1.02,0.020000000000000018
550,2007-07-20,1.08,0.06000000000000005
551,2007-07-27,1.28,0.19999999999999996
552,2007-08-03,1.3,0.020000000000000018
553,2007-08-10,1.32,0.020000000000000018
554,2007-08-17,1.45,0.1299999999999999
555,2007-08-24,1.44,-0.010000000000000009
556,2007-08-31,1.45,0.010000000000000009
557,2007-09-07,1.54,0.09000000000000008
558,2007-09-14,1.58,0.040000000000000036
559,2007-09-21,1.51,-0.07000000000000006
560,2007-09-28,1.48,-0.030000000000000027
561,2007-10-05,1.45,-0.030000000000000027
562,2007-10-12,1.4,-0.050000000000000044
563,2007-10-19,1.45,0.050000000000000044
564,2007-10-26,1.48,0.030000000000000027
565,2007-11-02,1.57,0.09000000000000008
566,2007-11-09,1.72,0.1499999999999999
567,2007-11-16,1.79,0.07000000000000006
568,2007-11-23,1.88,0.08999999999999986
569,2007-11-30,1.96,0.08000000000000007
570,2007-12-07,2.03,0.06999999999999984
571,2007-12-14,2.03,0.0
572,2007-12-21,2.03,0.0
573,2007-12-28,2.03,0.0
574,2008-01-04,2.09,0.06000000000000005
575,2008-01-11,2.17,0.08000000000000007
576,2008-01-18,2.24,0.07000000000000028
577,2008-01-25,2.3,0.05999999999999961
578,2008-02-01,2.3,0.0
579,2008-02-08,2.34,0.040000000000000036
580,2008-02-15,2.39,0.050000000000000266
581,2008-02-22,2.42,0.029999999999999805
582,2008-02-29,2.52,0.10000000000000009
583,2008-03-07,2.75,0.22999999999999998
584,2008-03-14,2.97,0.2200000000000002
585,2008-03-21,3.05,0.07999999999999963
586,2008-03-28,2.99,-0.05999999999999961
587,2008-04-04,2.89,-0.10000000000000009
588,2008-04-11,2.87,-0.020000000000000018
589,2008-04-18,2.77,-0.10000000000000009
590,2008-04-25,2.67,-0.10000000000000009
591,2008-05-02,2.53,-0.14000000000000012
592,2008-05-09,2.53,0.0
593,2008-05-16,2.49,-0.03999999999999959
594,2008-05-23,2.52,0.029999999999999805
595,2008-05-30,2.5,-0.020000000000000018
596,2008-06-06,2.5,0.0
597,2008-06-13,2.49,-0.009999999999999787
598,2008-06-20,2.54,0.04999999999999982
599,2008-06-27,2.68,0.14000000000000012
600,2008-07-04,2.79,0.10999999999999988
601,2008-07-11,2.88,0.08999999999999986
602,2008-07-18,2.97,0.0900000000000003
603,2008-07-25,2.96,-0.010000000000000231
604,2008-08-01,3.0,0.040000000000000036
605,2008-08-08,3.01,0.009999999999999787
606,2008-08-15,3.05,0.040000000000000036
607,2008-08-22,3.12,0.07000000000000028
608,2008-08-29,3.16,0.040000000000000036
609,2008-09-05,3.22,0.06000000000000005
610,2008-09-12,3.44,0.21999999999999975
611,2008-09-19,4.15,0.7100000000000004
612,2008-09-26,4.59,0.4399999999999995
613,2008-10-03,4.91,0.3200000000000003
614,2008-10-10,5.81,0.8999999999999995
615,2008-10-17,5.87,0.0600000000000005
616,2008-10-24,6.09,0.21999999999999975
617,2008-10-31,6.06,-0.03000000000000025
618,2008-11-07,5.91,-0.14999999999999947
619,2008-11-14,5.88,-0.03000000000000025
620,2008-11-21,6.36,0.4800000000000004
621,2008-11-28,6.42,0.05999999999999961
622,2008-12-05,6.56,0.13999999999999968
623,2008-12-12,6.52,-0.040000000000000036
624,2008-12-19,6.3,-0.21999999999999975
625,2008-12-26,6.2,-0.09999999999999964
626,2009-01-02,6.03,-0.16999999999999993
627,2009-01-09,5.62,-0.41000000000000014
628,2009-01-16,5.54,-0.08000000000000007
629,2009-01-23,5.56,0.019999999999999574
630,2009-01-30,5.35,-0.20999999999999996
631,2009-02-06,5.25,-0.09999999999999964
632,2009-02-13,5.19,-0.05999999999999961
633,2009-02-20,5.41,0.21999999999999975
634,2009-02-27,5.58,0.16999999999999993
635,2009-03-06,5.87,0.29000000000000004
636,2009-03-13,6.0,0.1299999999999999
637,2009-03-20,5.99,-0.009999999999999787
638,2009-03-27,5.96,-0.03000000000000025
639,2009-04-03,5.81,-0.15000000000000036
640,2009-04-10,5.63,-0.17999999999999972
641,2009-04-17,5.32,-0.3099999999999996
642,2009-04-24,5.16,-0.16000000000000014
643,2009-05-01,4.81,-0.35000000000000053
644,2009-05-08,4.44,-0.3699999999999992
645,2009-05-15,4.42,-0.020000000000000462
646,2009-05-22,4.22,-0.20000000000000018
647,2009-05-29,3.94,-0.2799999999999998
648,2009-06-05,3.56,-0.3799999999999999
649,2009-06-12,3.38,-0.18000000000000016
650,2009-06-19,3.31,-0.06999999999999984
651,2009-06-26,3.33,0.020000000000000018
652,2009-07-03,3.3,-0.03000000000000025
653,2009-07-10,3.3,0.0
654,2009-07-17,3.13,-0.16999999999999993
655,2009-07-24,2.98,-0.1499999999999999
656,2009-07-31,2.73,-0.25
657,2009-08-07,2.54,-0.18999999999999995
658,2009-08-14,2.54,0.0
659,2009-08-21,2.58,0.040000000000000036
660,2009-08-28,2.52,-0.06000000000000005
661,2009-09-04,2.53,0.009999999999999787
662,2009-09-11,2.44,-0.08999999999999986
663,2009-09-18,2.33,-0.10999999999999988
664,2009-09-25,2.31,-0.020000000000000018
665,2009-10-02,2.39,0.08000000000000007
666,2009-10-09,2.33,-0.06000000000000005
667,2009-10-16,2.29,-0.040000000000000036
668,2009-10-23,2.21,-0.08000000000000007
669,2009-10-30,2.18,-0.029999999999999805
670,2009-11-06,2.18,0.0
671,2009-11-13,2.16,-0.020000000000000018
672,2009-11-20,2.15,-0.010000000000000231
673,2009-11-27,2.19,0.040000000000000036
674,2009-12-04,2.15,-0.040000000000000036
675,2009-12-11,2.08,-0.06999999999999984
676,2009-12-18,1.99,-0.09000000000000008
677,2009-12-25,1.94,-0.050000000000000044
678,2010-01-01,1.9,-0.040000000000000036
679,2010-01-08,1.78,-0.11999999999999988
680,2010-01-15,1.77,-0.010000000000000009
681,2010-01-22,1.8,0.030000000000000027
682,2010-01-29,1.83,0.030000000000000027
683,2010-02-05,1.88,0.04999999999999982
684,2010-02-12,1.91,0.030000000000000027
685,2010-02-19,1.86,-0.04999999999999982
686,2010-02-26,1.84,-0.020000000000000018
687,2010-03-05,1.8,-0.040000000000000036
688,2010-03-12,1.74,-0.06000000000000005
689,2010-03-19,1.68,-0.06000000000000005
690,2010-03-26,1.63,-0.050000000000000044
691,2010-04-02,1.61,-0.019999999999999796
692,2010-04-09,1.57,-0.040000000000000036
693,2010-04-16,1.53,-0.040000000000000036
694,2010-04-23,1.51,-0.020000000000000018
695,2010-04-30,1.55,0.040000000000000036
696,2010-05-07,1.84,0.29000000000000004
697,2010-05-14,1.79,-0.050000000000000044
698,2010-05-21,1.97,0.17999999999999994
699,2010-05-28,2.02,0.050000000000000044
700,2010-06-04,2.08,0.06000000000000005
701,2010-06-11,2.13,0.04999999999999982
702,2010-06-18,2.08,-0.04999999999999982
703,2010-06-25,2.07,-0.010000000000000231
704,2010-07-02,2.08,0.010000000000000231
705,2010-07-09,2.04,-0.040000000000000036
706,2010-07-16,1.98,-0.06000000000000005
707,2010-07-23,1.93,-0.050000000000000044
708,2010-07-30,1.88,-0.050000000000000044
709,2010-08-06,1.87,-0.009999999999999787
710,2010-08-13,1.9,0.029999999999999805
711,2010-08-20,1.88,-0.020000000000000018
712,2010-08-27,1.91,0.030000000000000027
713,2010-09-03,1.91,0.0
714,2010-09-10,1.87,-0.039999999999999813
715,2010-09-17,1.84,-0.030000000000000027
716,2010-09-24,1.84,0.0
717,2010-10-01,1.84,0.0
718,2010-10-08,1.81,-0.030000000000000027
719,2010-10-15,1.82,0.010000000000000009
720,2010-10-22,1.81,-0.010000000000000009
721,2010-10-29,1.77,-0.040000000000000036
722,2010-11-05,1.76,-0.010000000000000009
723,2010-11-12,1.76,0.0
724,2010-11-19,1.75,-0.010000000000000009
725,2010-11-26,1.76,0.010000000000000009
726,2010-12-03,1.79,0.030000000000000027
727,2010-12-10,1.71,-0.08000000000000007
728,2010-12-17,1.69,-0.020000000000000018
729,2010-12-24,1.66,-0.030000000000000027
730,2010-12-31,1.66,0.0
731,2011-01-07,1.63,-0.030000000000000027
732,2011-01-14,1.63,0.0
733,2011-01-21,1.6,-0.029999999999999805
734,2011-01-28,1.6,0.0
735,2011-02-04,1.55,-0.050000000000000044
736,2011-02-11,1.5,-0.050000000000000044
737,2011-02-18,1.48,-0.020000000000000018
738,2011-02-25,1.51,0.030000000000000027
739,2011-03-04,1.49,-0.020000000000000018
740,2011-03-11,1.51,0.020000000000000018
741,2011-03-18,1.55,0.040000000000000036
742,2011-03-25,1.5,-0.050000000000000044
743,2011-04-01,1.5,0.0
744,2011-04-08,1.45,-0.050000000000000044
745,2011-04-15,1.46,0.010000000000000009
746,2011-04-22,1.46,0.0
747,2011-04-29,1.46,0.0
748,2011-05-06,1.48,0.020000000000000018
749,2011-05-13,1.49,0.010000000000000009
750,2011-05-20,1.5,0.010000000000000009
751,2011-05-27,1.54,0.040000000000000036
752,2011-06-03,1.6,0.06000000000000005
753,2011-06-10,1.62,0.020000000000000018
754,2011-06-17,1.66,0.039999999999999813
755,2011-06-24,1.7,0.040000000000000036
756,2011-07-01,1.61,-0.08999999999999986
757,2011-07-08,1.62,0.010000000000000009
758,2011-07-15,1.67,0.04999999999999982
759,2011-07-22,1.66,-0.010000000000000009
760,2011-07-29,1.65,-0.010000000000000009
761,2011-08-05,1.74,0.09000000000000008
762,2011-08-12,2.08,0.3400000000000001
763,2011-08-19,2.17,0.08999999999999986
764,2011-08-26,2.27,0.10000000000000009
765,2011-09-02,2.21,-0.06000000000000005
766,2011-09-09,2.27,0.06000000000000005
767,2011-09-16,2.32,0.04999999999999982
768,2011-09-23,2.55,0.22999999999999998
769,2011-09-30,2.57,0.020000000000000018
770,2011-10-07,2.65,0.08000000000000007
771,2011-10-14,2.51,-0.14000000000000012
772,2011-10-21,2.38,-0.1299999999999999
773,2011-10-28,2.17,-0.20999999999999996
774,2011-11-04,2.28,0.10999999999999988
775,2011-11-11,2.37,0.0900000000000003
776,2011-11-18,2.49,0.1200000000000001
777,2011-11-25,2.65,0.1599999999999997
778,2011-12-02,2.6,-0.04999999999999982
779,2011-12-09,2.59,-0.010000000000000231
780,2011-12-16,2.62,0.03000000000000025
781,2011-12-23,2.6,-0.020000000000000018
782,2011-12-30,2.56,-0.040000000000000036
783,2012-01-06,2.51,-0.050000000000000266
784,2012-01-13,2.48,-0.029999999999999805
785,2012-01-20,2.38,-0.10000000000000009
786,2012-01-27,2.28,-0.10000000000000009
787,2012-02-03,2.2,-0.07999999999999963
788,2012-02-10,2.15,-0.050000000000000266
789,2012-02-17,2.12,-0.029999999999999805
790,2012-02-24,2.08,-0.040000000000000036
791,2012-03-02,2.0,-0.08000000000000007
792,2012-03-09,2.01,0.009999999999999787
793,2012-03-16,1.91,-0.09999999999999987
794,2012-03-23,1.91,0.0
795,2012-03-30,1.92,0.010000000000000009
796,2012-04-06,1.96,0.040000000000000036
797,2012-04-13,2.02,0.06000000000000005
798,2012-04-20,2.02,0.0
799,2012-04-27,2.02,0.0
800,2012-05-04,2.0,-0.020000000000000018
801,2012-05-11,2.04,0.040000000000000036
802,2012-05-18,2.23,0.18999999999999995
803,2012-05-25,2.24,0.010000000000000231
804,2012-06-01,2.33,0.08999999999999986
805,2012-06-08,2.26,-0.07000000000000028
806,2012-06-15,2.24,-0.019999999999999574
807,2012-06-22,2.17,-0.07000000000000028
808,2012-06-29,2.15,-0.020000000000000018
809,2012-07-06,2.11,-0.040000000000000036
810,2012-07-13,2.07,-0.040000000000000036
811,2012-07-20,1.99,-0.07999999999999985
812,2012-07-27,1.95,-0.040000000000000036
813,2012-08-03,1.92,-0.030000000000000027
814,2012-08-10,1.87,-0.04999999999999982
815,2012-08-17,1.85,-0.020000000000000018
816,2012-08-24,1.84,-0.010000000000000009
817,2012-08-31,1.86,0.020000000000000018
818,2012-09-07,1.81,-0.050000000000000044
819,2012-09-14,1.7,-0.1100000000000001
820,2012-09-21,1.67,-0.030000000000000027
821,2012-09-28,1.68,0.010000000000000009
822,2012-10-05,1.62,-0.05999999999999983
823,2012-10-12,1.58,-0.040000000000000036
824,2012-10-19,1.47,-0.1100000000000001
825,2012-10-26,1.49,0.020000000000000018
826,2012-11-02,1.5,0.010000000000000009
827,2012-11-09,1.57,0.07000000000000006
828,2012-11-16,1.62,0.050000000000000044
829,2012-11-23,1.61,-0.010000000000000009
830,2012-11-30,1.6,-0.010000000000000009
831,2012-12-07,1.59,-0.010000000000000009
832,2012-12-14,1.57,-0.020000000000000018
833,2012-12-21,1.53,-0.040000000000000036
834,2012-12-28,1.53,0.0
835,2013-01-04,1.46,-0.07000000000000006
836,2013-01-11,1.45,-0.010000000000000009
837,2013-01-18,1.47,0.020000000000000018
838,2013-01-25,1.45,-0.020000000000000018
839,2013-02-01,1.47,0.020000000000000018
840,2013-02-08,1.49,0.020000000000000018
841,2013-02-15,1.47,-0.020000000000000018
842,2013-02-22,1.47,0.0
843,2013-03-01,1.49,0.020000000000000018
844,2013-03-08,1.45,-0.040000000000000036
845,2013-03-15,1.45,0.0
846,2013-03-22,1.48,0.030000000000000027
847,2013-03-29,1.5,0.020000000000000018
848,2013-04-05,1.51,0.010000000000000009
849,2013-04-12,1.48,-0.030000000000000027
850,2013-04-19,1.49,0.010000000000000009
851,2013-04-26,1.47,-0.020000000000000018
852,2013-05-03,1.45,-0.020000000000000018
853,2013-05-10,1.43,-0.020000000000000018
854,2013-05-17,1.42,-0.010000000000000009
855,2013-05-24,1.42,0.0
856,2013-05-31,1.47,0.050000000000000044
857,2013-06-07,1.54,0.07000000000000006
858,2013-06-14,1.57,0.030000000000000027
859,2013-06-21,1.66,0.08999999999999986
860,2013-06-28,1.67,0.010000000000000009
861,2013-07-05,1.64,-0.030000000000000027
862,2013-07-12,1.6,-0.039999999999999813
863,2013-07-19,1.54,-0.06000000000000005
864,2013-07-26,1.53,-0.010000000000000009
865,2013-08-02,1.53,0.0
866,2013-08-09,1.53,0.0
867,2013-08-16,1.53,0.0
868,2013-08-23,1.54,0.010000000000000009
869,2013-08-30,1.55,0.010000000000000009
870,2013-09-06,1.54,-0.010000000000000009
871,2013-09-13,1.54,0.0
872,2013-09-20,1.52,-0.020000000000000018
873,2013-09-27,1.53,0.010000000000000009
874,2013-10-04,1.54,0.010000000000000009
875,2013-10-11,1.5,-0.040000000000000036
876,2013-10-18,1.46,-0.040000000000000036
877,2013-10-25,1.45,-0.010000000000000009
878,2013-11-01,1.44,-0.010000000000000009
879,2013-11-08,1.46,0.020000000000000018
880,2013-11-15,1.45,-0.010000000000000009
881,2013-11-22,1.42,-0.030000000000000027
882,2013-11-29,1.41,-0.010000000000000009
883,2013-12-06,1.39,-0.020000000000000018
884,2013-12-13,1.35,-0.039999999999999813
885,2013-12-20,1.3,-0.050000000000000044
886,2013-12-27,1.29,-0.010000000000000009
887,2014-01-03,1.27,-0.020000000000000018
888,2014-01-10,1.25,-0.020000000000000018
889,2014-01-17,1.23,-0.020000000000000018
890,2014-01-24,1.27,0.040000000000000036
891,2014-01-31,1.3,0.030000000000000027
892,2014-02-07,1.29,-0.010000000000000009
893,2014-02-14,1.25,-0.040000000000000036
894,2014-02-21,1.24,-0.010000000000000009
895,2014-02-28,1.22,-0.020000000000000018
896,2014-03-07,1.21,-0.010000000000000009
897,2014-03-14,1.25,0.040000000000000036
898,2014-03-21,1.2,-0.050000000000000044
899,2014-03-28,1.17,-0.030000000000000027
900,2014-04-04,1.16,-0.010000000000000009
901,2014-04-11,1.16,0.0
902,2014-04-18,1.14,-0.020000000000000018
903,2014-04-25,1.14,0.0
904,2014-05-02,1.14,0.0
905,2014-05-09,1.13,-0.010000000000000009
906,2014-05-16,1.13,0.0
907,2014-05-23,1.13,0.0
908,2014-05-30,1.11,-0.019999999999999796
909,2014-06-06,1.1,-0.010000000000000009
910,2014-06-13,1.09,-0.010000000000000009
911,2014-06-20,1.08,-0.010000000000000009
912,2014-06-27,1.08,0.0
913,2014-07-04,1.08,0.0
914,2014-07-11,1.08,0.0
915,2014-07-18,1.09,0.010000000000000009
916,2014-07-25,1.09,0.0
917,2014-08-01,1.12,0.030000000000000027
918,2014-08-08,1.14,0.019999999999999796
919,2014-08-15,1.14,0.0
920,2014-08-22,1.12,-0.019999999999999796
921,2014-08-29,1.12,0.0
922,2014-09-05,1.12,0.0
923,2014-09-12,1.14,0.019999999999999796
924,2014-09-19,1.13,-0.010000000000000009
925,2014-09-26,1.17,0.040000000000000036
926,2014-10-03,1.21,0.040000000000000036
927,2014-10-10,1.23,0.020000000000000018
928,2014-10-17,1.28,0.050000000000000044
929,2014-10-24,1.27,-0.010000000000000009
930,2014-10-31,1.27,0.0
931,2014-11-07,1.3,0.030000000000000027
932,2014-11-14,1.32,0.020000000000000018
933,2014-11-21,1.34,0.020000000000000018
934,2014-11-28,1.34,0.0
935,2014-12-05,1.37,0.030000000000000027
936,2014-12-12,1.45,0.07999999999999985
937,2014-12-19,1.46,0.010000000000000009
938,2014-12-26,1.43,-0.030000000000000027
939,2015-01-02,1.45,0.020000000000000018
940,2015-01-09,1.48,0.030000000000000027
941,2015-01-16,1.53,0.050000000000000044
942,2015-01-23,1.5,-0.030000000000000027
943,2015-01-30,1.52,0.020000000000000018
944,2015-02-06,1.46,-0.06000000000000005
945,2015-02-13,1.43,-0.030000000000000027
946,2015-02-20,1.38,-0.050000000000000044
947,2015-02-27,1.38,0.0
948,2015-03-06,1.29,-0.08999999999999986
949,2015-03-13,1.34,0.050000000000000044
950,2015-03-20,1.38,0.039999999999999813
951,2015-03-27,1.38,0.0
952,2015-04-03,1.36,-0.019999999999999796
953,2015-04-10,1.32,-0.040000000000000036
954,2015-04-17,1.33,0.010000000000000009
955,2015-04-24,1.32,-0.010000000000000009
956,2015-05-01,1.33,0.010000000000000009
957,2015-05-08,1.34,0.010000000000000009
958,2015-05-15,1.33,-0.010000000000000009
959,2015-05-22,1.34,0.010000000000000009
960,2015-05-29,1.37,0.030000000000000027
961,2015-06-05,1.38,0.009999999999999787
962,2015-06-12,1.4,0.020000000000000018
963,2015-06-19,1.44,0.040000000000000036
964,2015-06-26,1.43,-0.010000000000000009
965,2015-07-03,1.46,0.030000000000000027
966,2015-07-10,1.49,0.030000000000000027
967,2015-07-17,1.5,0.010000000000000009
968,2015-07-24,1.54,0.040000000000000036
969,2015-07-31,1.58,0.040000000000000036
970,2015-08-07,1.6,0.020000000000000018
971,2015-08-14,1.64,0.039999999999999813
972,2015-08-21,1.69,0.050000000000000044
973,2015-08-28,1.69,0.0
974,2015-09-04,1.68,-0.010000000000000009
975,2015-09-11,1.67,-0.010000000000000009
976,2015-09-18,1.66,-0.010000000000000009
977,2015-09-25,1.7,0.040000000000000036
978,2015-10-02,1.8,0.10000000000000009
979,2015-10-09,1.73,-0.07000000000000006
980,2015-10-16,1.72,-0.010000000000000009
981,2015-10-23,1.67,-0.050000000000000044
982,2015-10-30,1.65,-0.020000000000000018
983,2015-11-06,1.61,-0.039999999999999813
984,2015-11-13,1.63,0.019999999999999796
985,2015-11-20,1.62,-0.009999999999999787
986,2015-11-27,1.63,0.009999999999999787
987,2015-12-04,1.62,-0.009999999999999787
988,2015-12-11,1.71,0.08999999999999986
989,2015-12-18,1.74,0.030000000000000027
990,2015-12-25,1.74,0.0
991,2016-01-01,1.73,-0.010000000000000009
992,2016-01-08,1.77,0.040000000000000036
993,2016-01-15,1.89,0.11999999999999988
994,2016-01-22,1.96,0.07000000000000006
995,2016-01-29,2.02,0.06000000000000005
996,2016-02-05,2.09,0.06999999999999984
997,2016-02-12,2.2,0.11000000000000032
998,2016-02-19,2.15,-0.050000000000000266
999,2016-02-26,2.11,-0.040000000000000036
1000,2016-03-04,1.95,-0.15999999999999992
1001,2016-03-11,1.85,-0.09999999999999987
1002,2016-03-18,1.76,-0.09000000000000008
1003,2016-03-25,1.73,-0.030000000000000027
1004,2016-04-01,1.69,-0.040000000000000036
1005,2016-04-08,1.7,0.010000000000000009
1006,2016-04-15,1.64,-0.06000000000000005
1007,2016-04-22,1.55,-0.08999999999999986
1008,2016-04-29,1.52,-0.030000000000000027
1009,2016-05-06,1.56,0.040000000000000036
1010,2016-05-13,1.57,0.010000000000000009
1011,2016-05-20,1.56,-0.010000000000000009
1012,2016-05-27,1.54,-0.020000000000000018
1013,2016-06-03,1.56,0.020000000000000018
1014,2016-06-10,1.56,0.0
1015,2016-06-17,1.6,0.040000000000000036
1016,2016-06-24,1.61,0.010000000000000009
1017,2016-07-01,1.61,0.0
1018,2016-07-08,1.57,-0.040000000000000036
1019,2016-07-15,1.49,-0.08000000000000007
1020,2016-07-22,1.47,-0.020000000000000018
1021,2016-07-29,1.5,0.030000000000000027
1022,2016-08-05,1.49,-0.010000000000000009
1023,2016-08-12,1.45,-0.040000000000000036
1024,2016-08-19,1.4,-0.050000000000000044
1025,2016-08-26,1.38,-0.020000000000000018
1026,2016-09-02,1.39,0.010000000000000009
1027,2016-09-09,1.4,0.010000000000000009
1028,2016-09-16,1.43,0.030000000000000027
1029,2016-09-23,1.41,-0.020000000000000018
1030,2016-09-30,1.43,0.020000000000000018
1031,2016-10-07,1.38,-0.050000000000000044
1032,2016-10-14,1.36,-0.019999999999999796
1033,2016-10-21,1.35,-0.010000000000000009
1034,2016-10-28,1.37,0.020000000000000018
1035,2016-11-04,1.41,0.039999999999999813
1036,2016-11-11,1.36,-0.04999999999999982
1037,2016-11-18,1.36,0.0
1038,2016-11-25,1.36,0.0
1039,2016-12-02,1.35,-0.010000000000000009
1040,2016-12-09,1.33,-0.020000000000000018
1041,2016-12-16,1.3,-0.030000000000000027
1042,2016-12-23,1.29,-0.010000000000000009
1043,2016-12-30,1.29,0.0
1044,2017-01-06,1.28,-0.010000000000000009
1045,2017-01-13,1.28,0.0
1046,2017-01-20,1.28,0.0
1047,2017-01-27,1.26,-0.020000000000000018
1048,2017-02-03,1.27,0.010000000000000009
1049,2017-02-10,1.27,0.0
1050,2017-02-17,1.24,-0.030000000000000027
1051,2017-02-24,1.23,-0.010000000000000009
1052,2017-03-03,1.18,-0.050000000000000044
1053,2017-03-10,1.21,0.030000000000000027
1054,2017-03-17,1.22,0.010000000000000009
1055,2017-03-24,1.23,0.010000000000000009
1056,2017-03-31,1.24,0.010000000000000009
1057,2017-04-07,1.23,-0.010000000000000009
1058,2017-04-14,1.25,0.020000000000000018
1059,2017-04-21,1.25,0.0
1060,2017-04-28,1.22,-0.030000000000000027
1061,2017-05-05,1.21,-0.010000000000000009
1062,2017-05-12,1.18,-0.030000000000000027
1063,2017-05-19,1.18,0.0
1064,2017-05-26,1.18,0.0
1065,2017-06-02,1.19,0.010000000000000009
1066,2017-06-09,1.19,0.0
1067,2017-06-16,1.18,-0.010000000000000009
1068,2017-06-23,1.18,0.0
1069,2017-06-30,1.15,-0.030000000000000027
1070,2017-07-07,1.12,-0.029999999999999805
1071,2017-07-14,1.11,-0.010000000000000009
1072,2017-07-21,1.1,-0.010000000000000009
1073,2017-07-28,1.08,-0.020000000000000018
1074,2017-08-04,1.09,0.010000000000000009
1075,2017-08-11,1.16,0.06999999999999984
1076,2017-08-18,1.15,-0.010000000000000009
1077,2017-08-25,1.14,-0.010000000000000009
1078,2017-09-01,1.15,0.010000000000000009
1079,2017-09-08,1.17,0.020000000000000018
1080,2017-09-15,1.14,-0.030000000000000027
1081,2017-09-22,1.11,-0.029999999999999805
1082,2017-09-29,1.06,-0.050000000000000044
1083,2017-10-06,1.04,-0.020000000000000018
1084,2017-10-13,1.04,0.0
1085,2017-10-20,1.01,-0.030000000000000027
1086,2017-10-27,1.0,-0.010000000000000009
1087,2017-11-03,1.02,0.020000000000000018
1088,2017-11-10,1.06,0.040000000000000036
1089,2017-11-17,1.06,0.0
1090,2017-11-24,1.04,-0.020000000000000018
1091,2017-12-01,1.03,-0.010000000000000009
1092,2017-12-08,1.02,-0.010000000000000009
1093,2017-12-15,1.0,-0.020000000000000018
1094,2017-12-22,0.99,-0.010000000000000009
1095,2017-12-29,0.98,-0.010000000000000009
1096,2018-01-05,0.98,0.0
1097,2018-01-12,0.95,-0.030000000000000027
1098,2018-01-19,0.95,0.0
1099,2018-01-26,0.92,-0.029999999999999916
1100,2018-02-02,0.9,-0.020000000000000018
1101,2018-02-09,0.97,0.06999999999999995
1102,2018-02-16,0.98,0.010000000000000009
1103,2018-02-23,1.0,0.020000000000000018
1104,2018-03-02,1.05,0.050000000000000044
1105,2018-03-09,1.06,0.010000000000000009
1106,2018-03-16,1.1,0.040000000000000036
1107,2018-03-23,1.15,0.04999999999999982
1108,2018-03-30,1.16,0.010000000000000009
1109,2018-04-06,1.14,-0.020000000000000018
1110,2018-04-13,1.11,-0.029999999999999805
1111,2018-04-20,1.1,-0.010000000000000009
1112,2018-04-27,1.12,0.020000000000000018
1113,2018-05-04,1.17,0.04999999999999982
1114,2018-05-11,1.15,-0.020000000000000018
1115,2018-05-18,1.14,-0.010000000000000009
1116,2018-05-25,1.16,0.020000000000000018
1117,2018-06-01,1.21,0.050000000000000044
1118,2018-06-08,1.22,0.010000000000000009
1119,2018-06-15,1.21,-0.010000000000000009
1120,2018-06-22,1.27,0.06000000000000005
1121,2018-06-29,1.29,0.020000000000000018
1122,2018-07-06,1.28,-0.010000000000000009
1123,2018-07-13,1.24,-0.040000000000000036
1124,2018-07-20,1.22,-0.020000000000000018
1125,2018-07-27,1.16,-0.06000000000000005
1126,2018-08-03,1.15,-0.010000000000000009
1127,2018-08-10,1.18,0.030000000000000027
1128,2018-08-17,1.18,0.0
1129,2018-08-24,1.19,0.010000000000000009
1130,2018-08-31,1.21,0.020000000000000018
1131,2018-09-07,1.2,-0.010000000000000009
1132,2018-09-14,1.16,-0.040000000000000036
1133,2018-09-21,1.13,-0.030000000000000027
1134,2018-09-28,1.11,-0.019999999999999796
1135,2018-10-05,1.13,0.019999999999999796
1136,2018-10-12,1.16,0.030000000000000027
1137,2018-10-19,1.17,0.010000000000000009
1138,2018-10-26,1.23,0.06000000000000005
1139,2018-11-02,1.24,0.010000000000000009
1140,2018-11-09,1.23,-0.010000000000000009
1141,2018-11-16,1.34,0.1100000000000001
1142,2018-11-23,1.38,0.039999999999999813
1143,2018-11-30,1.45,0.07000000000000006
1144,2018-12-07,1.51,0.06000000000000005
1145,2018-12-14,1.48,-0.030000000000000027
1146,2018-12-21,1.54,0.06000000000000005
1147,2018-12-28,1.58,0.040000000000000036
1148,2019-01-04,1.62,0.040000000000000036
1149,2019-01-11,1.54,-0.08000000000000007
1150,2019-01-18,1.46,-0.08000000000000007
1151,2019-01-25,1.4,-0.06000000000000005
1152,2019-02-01,1.36,-0.039999999999999813
1153,2019-02-08,1.34,-0.020000000000000018
1154,2019-02-15,1.32,-0.020000000000000018
1155,2019-02-22,1.32,0.0
1156,2019-03-01,1.28,-0.040000000000000036
1157,2019-03-08,1.29,0.010000000000000009
1158,2019-03-15,1.26,-0.030000000000000027
1159,2019-03-22,1.25,-0.010000000000000009
1160,2019-03-29,1.25,0.0
1161,2019-04-05,1.23,-0.020000000000000018
1162,2019-04-12,1.18,-0.050000000000000044
1163,2019-04-19,1.17,-0.010000000000000009
1164,2019-04-26,1.17,0.0
1165,2019-05-03,1.18,0.010000000000000009
1166,2019-05-10,1.22,0.040000000000000036
1167,2019-05-17,1.24,0.020000000000000018
1168,2019-05-24,1.27,0.030000000000000027
1169,2019-05-31,1.35,0.08000000000000007
1170,2019-06-07,1.34,-0.010000000000000009
1171,2019-06-14,1.32,-0.020000000000000018
1172,2019-06-21,1.25,-0.07000000000000006
1173,2019-06-28,1.22,-0.030000000000000027
1174,2019-07-05,1.19,-0.030000000000000027
1175,2019-07-12,1.18,-0.010000000000000009
1176,2019-07-19,1.18,0.0
1177,2019-07-26,1.14,-0.040000000000000036
1178,2019-08-02,1.19,0.050000000000000044
1179,2019-08-09,1.26,0.07000000000000006
1180,2019-08-16,1.31,0.050000000000000044
1181,2019-08-23,1.25,-0.06000000000000005
1182,2019-08-30,1.25,0.0
1183,2019-09-06,1.26,0.010000000000000009
1184,2019-09-13,1.21,-0.050000000000000044
1185,2019-09-20,1.19,-0.020000000000000018
1186,2019-09-27,1.21,0.020000000000000018
1187,2019-10-04,1.26,0.050000000000000044
1188,2019-10-11,1.22,-0.040000000000000036
1189,2019-10-18,1.18,-0.040000000000000036
1190,2019-10-25,1.14,-0.040000000000000036
1191,2019-11-01,1.16,0.020000000000000018
1192,2019-11-08,1.11,-0.04999999999999982
1193,2019-11-15,1.12,0.010000000000000009
1194,2019-11-22,1.13,0.009999999999999787
1195,2019-11-29,1.11,-0.019999999999999796
1196,2019-12-06,1.09,-0.020000000000000018
1197,2019-12-13,1.05,-0.040000000000000036
1198,2019-12-20,1.01,-0.040000000000000036
1199,2019-12-27,1.0,-0.010000000000000009
1200,2020-01-03,1.03,0.030000000000000027
1201,2020-01-10,1.01,-0.020000000000000018
1202,2020-01-17,0.99,-0.020000000000000018
1203,2020-01-24,1.01,0.020000000000000018
1204,2020-01-31,1.09,0.08000000000000007
1205,2020-02-07,1.04,-0.050000000000000044
1206,2020-02-14,1.02,-0.020000000000000018
1207,2020-02-21,1.05,0.030000000000000027
1208,2020-02-28,1.31,0.26
1209,2020-03-06,1.49,0.17999999999999994
1210,2020-03-13,2.29,0.8
1211,2020-03-20,3.87,1.58
1212,2020-03-27,3.24,-0.6299999999999999
1213,2020-04-03,3.08,-0.16000000000000014
1214,2020-04-10,2.61,-0.4700000000000002
1215,2020-04-17,2.34,-0.27
1216,2020-04-24,2.36,0.020000000000000018
1217,2020-05-01,2.18,-0.17999999999999972
1218,2020-05-08,2.22,0.040000000000000036
1219,2020-05-15,2.2,-0.020000000000000018
1220,2020-05-22,1.97,-0.2300000000000002
1221,2020-05-29,1.85,-0.11999999999999988
1222,2020-06-05,1.6,-0.25
1223,2020-06-12,1.69,0.08999999999999986
1224,2020-06-19,1.57,-0.11999999999999988
1225,2020-06-26,1.62,0.050000000000000044
1226,2020-07-03,1.54,-0.08000000000000007
1227,2020-07-10,1.52,-0.020000000000000018
1228,2020-07-17,1.46,-0.06000000000000005
1229,2020-07-24,1.39,-0.07000000000000006
1230,2020-07-31,1.41,0.020000000000000018
1231,2020-08-07,1.35,-0.05999999999999983
1232,2020-08-14,1.35,0.0
1233,2020-08-21,1.38,0.029999999999999805
1234,2020-08-28,1.37,-0.009999999999999787
1235,2020-09-04,1.35,-0.020000000000000018
1236,2020-09-11,1.37,0.020000000000000018
1237,2020-09-18,1.35,-0.020000000000000018
1238,2020-09-25,1.46,0.10999999999999988
1239,2020-10-02,1.43,-0.030000000000000027
1240,2020-10-09,1.35,-0.07999999999999985
1241,2020-10-16,1.33,-0.020000000000000018
1242,2020-10-23,1.3,-0.030000000000000027
1243,2020-10-30,1.33,0.030000000000000027
1244,2020-11-06,1.25,-0.08000000000000007
1245,2020-11-13,1.21,-0.040000000000000036
1246,2020-11-20,1.16,-0.050000000000000044
1247,2020-11-27,1.13,-0.030000000000000027
1248,2020-12-04,1.07,-0.05999999999999983
1249,2020-12-11,1.11,0.040000000000000036
1250,2020-12-18,1.07,-0.040000000000000036
1251,2020-12-25,1.06,-0.010000000000000009
1252,2021-01-01,1.03,-0.030000000000000027
1253,2021-01-08,1.02,-0.010000000000000009
1254,2021-01-15,1.0,-0.020000000000000018
1255,2021-01-22,1.01,0.010000000000000009
1256,2021-01-29,1.02,0.010000000000000009
1257,2021-02-05,0.99,-0.030000000000000027
1258,2021-02-12,0.97,-0.020000000000000018
1259,2021-02-19,0.94,-0.030000000000000027
1260,2021-02-26,0.95,0.010000000000000009
1261,2021-03-05,1.0,0.050000000000000044
1262,2021-03-12,1.02,0.020000000000000018
1263,2021-03-19,1.0,-0.020000000000000018
1264,2021-03-26,1.01,0.010000000000000009
1265,2021-04-02,0.95,-0.06000000000000005
1266,2021-04-09,0.94,-0.010000000000000009
1267,2021-04-16,0.94,0.0
1268,2021-04-23,0.95,0.010000000000000009
1269,2021-04-30,0.94,-0.010000000000000009
1270,2021-05-07,0.93,-0.009999999999999898
1271,2021-05-14,0.92,-0.010000000000000009
1272,2021-05-21,0.91,-0.010000000000000009
1273,2021-05-28,0.9,-0.010000000000000009
1274,2021-06-04,0.91,0.010000000000000009
1275,2021-06-11,0.9,-0.010000000000000009
1276,2021-06-18,0.87,-0.030000000000000027
1277,2021-06-25,0.86,-0.010000000000000009
1278,2021-07-02,0.87,0.010000000000000009
1279,2021-07-09,0.9,0.030000000000000027
1280,2021-07-16,0.91,0.010000000000000009
1281,2021-07-23,0.92,0.010000000000000009
1282,2021-07-30,0.91,-0.010000000000000009
1283,2021-08-06,0.93,0.020000000000000018
1284,2021-08-13,0.93,0.0
1285,2021-08-20,0.95,0.019999999999999907
1286,2021-08-27,0.92,-0.029999999999999916
1287,2021-09-03,0.92,0.0
1288,2021-09-10,0.91,-0.010000000000000009
1289,2021-09-17,0.9,-0.010000000000000009
1290,2021-09-24,0.87,-0.030000000000000027
1291,2021-10-01,0.89,0.020000000000000018
1292,2021-10-08,0.9,0.010000000000000009
1293,2021-10-15,0.89,-0.010000000000000009
1294,2021-10-22,0.89,0.0
1295,2021-10-29,0.89,0.0
1296,2021-11-05,0.9,0.010000000000000009
1297,2021-11-12,0.91,0.010000000000000009
1298,2021-11-19,0.94,0.029999999999999916
1299,2021-11-26,1.01,0.07000000000000006
1300,2021-12-03,1.03,0.020000000000000018
1301,2021-12-10,1.0,-0.030000000000000027
1302,2021-12-17,1.01,0.010000000000000009
1303,2021-12-24,1.0,-0.010000000000000009
1304,2021-12-31,0.98,-0.020000000000000018
1305,2022-01-07,0.95,-0.030000000000000027
1306,2022-01-14,0.97,0.020000000000000018
1307,2022-01-21,1.03,0.06000000000000005
1308,2022-01-28,1.09,0.06000000000000005
1309,2022-02-04,1.09,0.0
1310,2022-02-11,1.1,0.010000000000000009
1311,2022-02-18,1.2,0.09999999999999987
1312,2022-02-25,1.27,0.07000000000000006
1313,2022-03-04,1.38,0.10999999999999988
1314,2022-03-11,1.5,0.1200000000000001
1315,2022-03-18,1.37,-0.1299999999999999
1316,2022-03-25,1.29,-0.08000000000000007
1317,2022-04-01,1.2,-0.09000000000000008
1318,2022-04-08,1.2,0.0
1319,2022-04-15,1.26,0.06000000000000005
1320,2022-04-22,1.33,0.07000000000000006
1321,2022-04-29,1.39,0.05999999999999983
1322,2022-05-06,1.4,0.010000000000000009
1323,2022-05-13,1.47,0.07000000000000006
1324,2022-05-20,1.55,0.08000000000000007
1325,2022-05-27,1.41,-0.14000000000000012
1326,2022-06-03,1.38,-0.030000000000000027
1327,2022-06-10,1.41,0.030000000000000027
1328,2022-06-17,1.5,0.09000000000000008
1329,2022-06-24,1.55,0.050000000000000044
1330,2022-07-01,1.65,0.09999999999999987
1331,2022-07-08,1.57,-0.07999999999999985
1332,2022-07-15,1.58,0.010000000000000009
1333,2022-07-22,1.52,-0.06000000000000005
1334,2022-07-29,1.51,-0.010000000000000009
1335,2022-08-05,1.49,-0.020000000000000018
1336,2022-08-12,1.41,-0.08000000000000007
1337,2022-08-19,1.42,0.010000000000000009
1338,2022-08-26,1.42,0.0
1339,2022-09-02,1.5,0.08000000000000007
1340,2022-09-09,1.47,-0.030000000000000027
1341,2022-09-16,1.48,0.010000000000000009
1342,2022-09-23,1.51,0.030000000000000027
1343,2022-09-30,1.67,0.15999999999999992
1344,2022-10-07,1.6,-0.06999999999999984
1345,2022-10-14,1.7,0.09999999999999987
1346,2022-10-21,1.71,0.010000000000000009
1347,2022-10-28,1.66,-0.050000000000000044
1348,2022-11-04,1.61,-0.04999999999999982
1349,2022-11-11,1.58,-0.030000000000000027
1350,2022-11-18,1.45,-0.13000000000000012
1351,2022-11-25,1.4,-0.050000000000000044
1352,2022-12-02,1.4,0.0
1353,2022-12-09,1.37,-0.029999999999999805
1354,2022-12-16,1.39,0.019999999999999796
1355,2022-12-23,1.38,-0.010000000000000009
1356,2022-12-30,1.38,0.0
1357,2023-01-06,1.4,0.020000000000000018
1358,2023-01-13,1.32,-0.07999999999999985
1359,2023-01-20,1.29,-0.030000000000000027
1360,2023-01-27,1.25,-0.040000000000000036
1361,2023-02-03,1.2,-0.050000000000000044
1362,2023-02-10,1.23,0.030000000000000027
1363,2023-02-17,1.26,0.030000000000000027
1364,2023-02-24,1.28,0.020000000000000018
1365,2023-03-03,1.25,-0.030000000000000027
1366,2023-03-10,1.37,0.1200000000000001
1367,2023-03-17,1.62,0.25
1368,2023-03-24,1.54,-0.08000000000000007
1369,2023-03-31,1.45,-0.09000000000000008
1370,2023-04-07,1.46,0.010000000000000009
1371,2023-04-14,1.39,-0.07000000000000006
1372,2023-04-21,1.38,-0.010000000000000009
1373,2023-04-28,1.4,0.020000000000000018
1374,2023-05-05,1.48,0.08000000000000007
1375,2023-05-12,1.48,0.0
1376,2023-05-19,1.45,-0.030000000000000027
1377,2023-05-26,1.41,-0.040000000000000036
1378,2023-06-02,1.39,-0.020000000000000018
1379,2023-06-09,1.4,0.010000000000000009
1380,2023-06-16,1.35,-0.04999999999999982
1381,2023-06-23,1.35,0.0
1382,2023-06-30,1.3,-0.050000000000000044
1383,2023-07-07,1.28,-0.020000000000000018
1384,2023-07-14,1.28,0.0
1385,2023-07-21,1.26,-0.020000000000000018
1386,2023-07-28,1.19,-0.07000000000000006
1387,2023-08-04,1.22,0.030000000000000027
1388,2023-08-11,1.22,0.0
1389,2023-08-18,1.27,0.050000000000000044
1390,2023-08-25,1.23,-0.040000000000000036
1391,2023-09-01,1.22,-0.010000000000000009
1392,2023-09-08,1.23,0.010000000000000009
1393,2023-09-15,1.22,-0.010000000000000009
1394,2023-09-22,1.2,-0.020000000000000018
1395,2023-09-29,1.24,0.040000000000000036
1396,2023-10-06,1.29,0.050000000000000044
1397,2023-10-13,1.27,-0.020000000000000018
1398,2023-10-20,1.33,0.06000000000000005
1399,2023-10-27,1.31,-0.020000000000000018
1400,2023-11-03,1.29,-0.020000000000000018
1401,2023-11-10,1.26,-0.030000000000000027
1402,2023-11-17,1.2,-0.06000000000000005
1403,2023-11-24,1.14,-0.06000000000000005
1404,2023-12-01,1.11,-0.029999999999999805
1405,2023-12-08,1.1,-0.010000000000000009
1406,2023-12-15,1.04,-0.06000000000000005
1407,2023-12-22,1.07,0.030000000000000027
1408,2023-12-29,1.04,-0.030000000000000027
1409,2024-01-05,1.09,0.050000000000000044
1410,2024-01-12,1.02,-0.07000000000000006
1411,2024-01-19,1.01,-0.010000000000000009
1412,2024-01-26,0.97,-0.040000000000000036
1413,2024-02-02,1.02,0.050000000000000044
1414,2024-02-09,1.0,-0.020000000000000018
1415,2024-02-16,0.96,-0.040000000000000036
1416,2024-02-23,0.95,-0.010000000000000009
1417,2024-03-01,1.01,0.06000000000000005
1418,2024-03-08,0.99,-0.020000000000000018
1419,2024-03-15,0.93,-0.05999999999999994
1420,2024-03-22,0.92,-0.010000000000000009
1421,2024-03-29,0.93,0.010000000000000009
1422,2024-04-05,0.92,-0.010000000000000009
1423,2024-04-12,0.92,0.0
1424,2024-04-19,0.94,0.019999999999999907
1425,2024-04-26,0.9,-0.039999999999999925
1426,2024-05-03,0.89,-0.010000000000000009
1427,2024-05-10,0.89,0.0
1428,2024-05-17,0.89,0.0
1429,2024-05-24,0.89,0.0
1430,2024-05-31,0.88,-0.010000000000000009
1431,2024-06-07,0.9,0.020000000000000018
1432,2024-06-14,0.95,0.04999999999999993
1433,2024-06-21,0.96,0.010000000000000009
1434,2024-06-28,0.96,0.0
1435,2024-07-05,0.92,-0.039999999999999925
1436,2024-07-12,0.92,0.0
1437,2024-07-19,0.93,0.010000000000000009
1438,2024-07-26,0.95,0.019999999999999907
1439,2024-08-02,1.06,0.1100000000000001
1440,2024-08-09,1.05,-0.010000000000000009
1441,2024-08-16,0.98,-0.07000000000000006
1442,2024-08-23,0.96,-0.020000000000000018
1443,2024-08-30,0.95,-0.010000000000000009
1444,2024-09-06,0.99,0.040000000000000036
1445,2024-09-13,0.99,0.0
1446,2024-09-20,0.93,-0.05999999999999994
1447,2024-09-27,0.92,-0.010000000000000009
1448,2024-10-04,0.87,-0.050000000000000044
1449,2024-10-11,0.84,-0.030000000000000027
1450,2024-10-18,0.83,-0.010000000000000009
1451,2024-10-25,0.85,0.020000000000000018
1452,2024-11-01,0.86,0.010000000000000009
1453,2024-11-08,0.77,-0.08999999999999997
1454,2024-11-15,0.8,0.030000000000000027
1455,2024-11-22,0.8,0.0
1456,2024-11-29,0.82,0.019999999999999907
1457,2024-12-06,0.81,-0.009999999999999898
1458,2024-12-13,0.78,-0.030000000000000027
1459,2024-12-20,0.82,0.039999999999999925
1460,2024-12-27,0.81,-0.009999999999999898
1461,2025-01-03,0.83,0.019999999999999907
1462,2025-01-10,0.83,0.0
1463,2025-01-17,0.82,-0.010000000000000009
1464,2025-01-24,0.8,-0.019999999999999907
1465,2025-01-31,0.82,0.019999999999999907
1466,2025-02-07,0.84,0.020000000000000018
1467,2025-02-14,0.8,-0.039999999999999925
1468,2025-02-21,0.81,0.010000000000000009
1469,2025-02-28,0.88,0.06999999999999995
1470,2025-03-07,0.89,0.010000000000000009
1471,2025-03-14,0.94,0.04999999999999993
1472,2025-03-21,0.92,-0.019999999999999907
1473,2025-03-28,0.94,0.019999999999999907
1474,2025-04-04,1.14,0.19999999999999996
1475,2025-04-11,1.18,0.040000000000000036
1476,2025-04-18,1.11,-0.06999999999999984
1477,2025-04-25,1.04,-0.07000000000000006
1478,2025-05-02,1.06,0.020000000000000018
1479,2025-05-09,1.02,-0.040000000000000036
1480,2025-05-16,0.93,-0.08999999999999997
1481,2025-05-23,0.93,0.0
1482,2025-05-30,0.91,-0.020000000000000018
1483,2025-06-06,0.87,-0.040000000000000036
1484,2025-06-13,0.88,0.010000000000000009
1485,2025-06-20,0.88,0.0
1486,2025-06-27,0.88,0.0
1487,2025-07-04,0.8,-0.07999999999999996
1488,2025-07-11,0.83,0.029999999999999916
1489,2025-07-18,0.8,-0.029999999999999916
1490,2025-07-25,0.78,-0.020000000000000018
1491,2025-08-01,0.82,0.039999999999999925
1492,2025-08-08,0.8,-0.019999999999999907
1493,2025-08-15,0.75,-0.050000000000000044
1494,2025-08-22,0.77,0.020000000000000018
1495,2025-08-29,0.8,0.030000000000000027
1496,2025-09-05,0.79,-0.010000000000000009
1497,2025-09-12,0.77,-0.020000000000000018
1498,2025-09-19,0.74,-0.030000000000000027
1499,2025-09-26,0.75,0.010000000000000009
1500,2025-10-03,0.75,0.0
1501,2025-10-10,0.81,0.06000000000000005
1502,2025-10-17,0.8,-0.010000000000000009
1503,2025-10-24,0.77,-0.030000000000000027
1504,2025-10-31,0.8,0.030000000000000027
1505,2025-11-07,0.84,0.039999999999999925
1506,2025-11-14,0.83,-0.010000000000000009
1507,2025-11-21,0.86,0.030000000000000027
1508,2025-11-28,0.82,-0.040000000000000036
1509,2025-12-05,0.79,-0.029999999999999916
1510,2025-12-12,0.8,0.010000000000000009
1511,2025-12-19,0.8,0.0
1512,2025-12-26,0.79,-0.010000000000000009
1513,2026-01-02,0.79,0.0
1514,2026-01-09,0.78,-0.010000000000000009
1515,2026-01-16,0.75,-0.030000000000000027
1516,2026-01-23,0.73,-0.020000000000000018
1517,2026-01-30,0.74,0.010000000000000009
1518,2026-02-06,0.76,0.020000000000000018
1519,2026-02-13,0.79,0.030000000000000027
1520,2026-02-20,0.78,-0.010000000000000009
1521,2026-02-27,0.85,0.06999999999999995
1522,2026-03-06,0.84,-0.010000000000000009
1523,2026-03-13,0.93,0.09000000000000008
1524,2026-03-20,0.88,-0.050000000000000044
1525,2026-03-27,0.91,0.030000000000000027
1526,2026-04-03,0.86,-0.050000000000000044
1527,2026-04-10,0.83,-0.030000000000000027
