,expected_return
AGG,0.0001273187500724702
BND,0.00012537858697934953
VCIT,0.00017460539922208617
BNDX,9.462297061333647e-05
VCSH,0.00011560381990867256
BSV,0.00010043678644726254
LQD,0.00019496495396342407
TIP,0.0001459025112741836
MBB,0.00010983667139046548
MUB,0.00012695752795586056
IGSB,0.00011500239485099455
SCHP,0.00011672384355049066
HYG,0.0002151582129191854
EMB,0.00020355610711045072
SHY,7.888354723670976e-05
JPST,0.00011667769805669687
VTIP,8.897683661406688e-05
IUSB,9.117365522382434e-05
GOVT,5.4211179326675145e-05
IEF,0.000151366809617124
TLT,0.0001866651253077326
VMBS,8.852586153307217e-05
BIV,0.00015602548971680737
VTEB,9.83022478752463e-05
MINT,8.073074520682854e-05
VGSH,5.594413041514667e-05
SHV,6.154321050841275e-05
BIL,5.284268539004697e-05
IGIB,0.00015798698290932122
IEI,0.00011738804397349467
JNK,0.0002185351481695869
VGIT,9.145775964433779e-05
SCHZ,8.84435586878476e-05
SCHO,5.3582963286837534e-05
USHY,0.0001984644088866882
SRLN,0.0001515600721742078
SPSB,9.416107967656612e-05
STIP,9.411846038342464e-05
CWB,0.0004606166668998188
BKLN,0.00015089468530429066
FLOT,9.105041755371185e-05
HYLB,0.00019654984899859833
LMBS,0.00011840970091850638
USIG,0.0001656214572634578
SPAB,0.00012960227430033717
SUB,6.356490393622618e-05
ISTB,8.022195620980046e-05
BLV,0.00018949617128043853
SPIB,0.00015494771121357518
ICSH,9.013049536280894e-05
SHYG,0.0001748720291844843
VCLT,0.00020502827559233956
ANGL,0.0002817200203723277
FIXD,7.467744152584294e-05
SHM,7.559985861490441e-05
FALN,0.0002669373865958162
NEAR,9.648788555903627e-05
SJNK,0.00019087348731883151
SPTL,0.00016729060988678537
FTSM,8.720462081043985e-05
BOND,0.00012240361820840018
TFI,0.0001237921826345902
SPMB,0.00010252936443192675
SCHR,8.050907044872712e-05
IAGG,9.860883319859786e-05
HYD,0.00023422018572560847
IVOL,-2.257840613482245e-06
EMLC,6.613581127197853e-05
SPTS,5.9105521634284776e-05
SPIP,0.0001467285042887916
TOTL,7.395557475010171e-05
SPTI,0.00010415894929044646
VWOB,0.00015075662334471338
GSY,8.07595448576248e-05
FTSL,0.00015824657564014535
VNLA,0.00012044023156180449
PCY,0.00023052648483418774
IGLB,0.00019332114263471728
VGLT,0.00014626243382930568
PZA,0.00013635717977877407
SLQD,9.979387905549475e-05
GVI,0.00011700077152036361
BAB,0.00019930248705132047
FLRN,0.00010051520967668531
FMB,0.00011786385688410297
HYLS,0.00017596254412568642
JMST,8.421381194743199e-05
FBND,0.00010657019537433913
PULS,0.00013091033485712042
CMF,0.00014297733939872307
ITM,0.0001402297669821318
VUSB,0.00013015509618981316
HYMB,0.00018992258967863974
ICVT,0.00045547473930526147
HYS,0.00020182639632817352
GBIL,8.926829707084964e-05
USFR,7.453482330240747e-05
FLCB,4.339549190745868e-05
EAGG,9.006926065699746e-05
TBT,-0.00024558131838712713
TLH,0.00013735381836141083
TDTT,8.786501694254723e-05
PTBD,4.176729830041799e-05
HYEM,0.00019236219102901673
EBND,5.7308032581262145e-05
EDV,0.0001996805940136636
STPZ,9.723888303405856e-05
LDUR,9.828750007104256e-05
DIAL,0.00010735236802253126
QLTA,0.00010759811428770213
IGOV,2.432512799292126e-05
UITB,9.42687877525119e-05
AGGY,8.64434214374071e-05
SUSB,0.00011181456817248051
IGHG,0.00015161721805607742
HTRB,8.406146515830291e-05
TIPX,9.38468155857689e-05
FLCO,9.296563992580908e-05
GTO,0.00012737135800995123
PHB,0.00016748694274941383
SPLB,0.00023504269256103394
BWX,3.818221024622435e-05
LTPZ,0.0001593313503394035
HYDW,0.00016928298155323968
SUSC,0.00010473835511664225
IBDR,0.00011679697181784214
JMBS,9.772092052269708e-05
CORP,0.00014566816808013897
IGBH,0.0001944641257420086
CMBS,9.898429665621103e-05
SGOV,0.00011510984775800481
GIGB,0.00011048214279612199
AGZ,9.628921624335407e-05
UCON,0.0001520018364610376
FLTR,0.00010253253020459662
TDTF,9.339277246339576e-05
LQDH,0.00014076916818409527
VTC,0.00010764953550698852
TBF,-8.75708113448258e-05
MUNI,0.00010854757697108039
SCHJ,0.00010960296899859801
BSCQ,0.00011775817205111975
HYGV,0.00021431402422663126
BNDW,7.722844620445037e-05
PWZ,0.00013535249645520517
SPHY,0.00020426929024346024
EUSB,1.3703353793670136e-05
NYF,0.00012999158543539413
SMMU,6.0983738839097205e-05
IBDS,0.0001281731779834079
LEMB,4.33045643991241e-05
CEMB,0.00015305439830532442
IG,0.00011146098564449501
MMIN,0.00011039589276503336
GNMA,6.080207311375458e-05
EMHY,0.00020679148564965437
VRIG,0.00013691812228528198
ULST,8.68494120668242e-05
FTSD,6.881030607795195e-05
WIP,7.005134233387087e-05
GBF,0.00012477174035815543
SHYD,0.00010258426538589018
VBND,6.911277676444344e-05
GOVZ,-0.000480703572656909
FLGV,-2.0798998675927094e-05
SPBO,0.00014487987285823574
ZROZ,0.0001927622654286869
BSCR,0.0001302128118886686
TMF,0.00016680333870720473
NUAG,7.503628849656938e-05
RAVI,8.359011288980759e-05
ILTB,0.00017979914508868254
FMHI,0.00012868038693117687
SCHI,0.00010108307057859765
TMV,-0.00024016118423830302
SMB,8.420997341608554e-05
GSST,0.00012738266246803073
SKOR,0.00012348260575615052
JPIB,0.00014573515334387408
IBDT,0.00016103407341589007
FDHY,0.00023774385006104765
MEAR,6.529361699682697e-05
FLTB,9.546506963760258e-05
FCOR,0.00011993509063077805
FCVT,0.0004362995611772362
DEED,5.408797854548801e-05
USTB,0.0001328094923349239
FEMB,6.29363982575964e-05
NUBD,6.370316873340181e-05
HCRB,4.0242774977431016e-05
JAAA,0.00017200936036961128
VCEB,1.8052770021506508e-05
TFLO,7.621587222461704e-05
BGRN,9.400669199638433e-05
MLN,0.00012930977781340305
MMIT,0.00010823321050780472
GCOR,-1.4474156543520658e-05
IBD,9.257233236894788e-05
PGHY,0.00016697044226344037
FLDR,0.0001321870120034097
BSCS,0.00015528572534067328
AGZD,9.797287005996798e-05
TIPZ,0.00012772750855225356
HMOP,0.00010862934122603225
FLIA,4.436096725712666e-05
XMPT,0.0001796150219953317
BWZ,4.197167259397854e-06
LDSF,9.832679564149459e-05
TTT,-6.153517864283387e-05
GHYB,0.00019157874653980358
BKAG,9.802907427618618e-06
GHYG,0.00019293857604551828
STOT,9.676887160524652e-05
HYZD,0.0001775437939176828
TAXF,0.0001133256970385408
EMHC,8.481673146629569e-05
OPER,0.00010667142959521305
FUMB,7.245660466719653e-05
EMNT,0.00011996428182575457
FSMB,8.73024254853656e-05
JCPB,0.00011371694065404452
HYDB,0.00022210144939775655
SHAG,8.661344774432518e-05
FLHY,0.00024001267950662906
IGEB,0.0001305687024319115
IBND,7.464384722198488e-05
GTIP,0.0001406295140172564
JSCP,9.625240339303818e-05
RVNU,0.00012127687872795707
KORP,0.00011749671304255098
BYLD,0.00012180767925983938
IBDU,0.00010596090085554462
OVB,8.659745296691118e-05
RIGS,0.00013521419017871515
HYHG,0.00017436576878891914
HYGH,0.00019290465424122856
IBDV,5.225774526744346e-05
BSJQ,0.00020036778189023102
AFIF,0.00010938025005972363
EMBD,0.00017075371921265148
IMTB,8.198043627450956e-05
BNDC,8.354169180902031e-05
PICB,9.611675255964213e-05
IBMO,7.633268561359747e-05
HYXF,0.00021254584146423766
FLMB,9.420446418475144e-05
ELD,7.196541370350126e-05
TBX,-3.8979860371538256e-05
BSCT,0.00010875748968243675
PZT,0.00012841372698792642
RFCI,8.273896438967537e-05
CBON,9.463350203460901e-05
FCAL,0.00010595021615996356
HTAB,8.898764226188607e-05
MBSD,6.289457236718422e-05
IHY,0.0001711659369088131
IIGD,0.00012025238436951807
NUHY,0.00015203355541888722
FISR,4.2899891260172486e-05
JMUB,0.00012172421814077797
GRNB,9.336377968464041e-05
EMTL,0.00013577690423147306
HYBB,0.00017193911753039562
AVIG,3.863418658576824e-06
SCHQ,-0.00010144064150707828
SHYL,0.00019634533640750933
FFIU,7.645603482812376e-05
LQDI,0.00019442159054346324
IBMQ,8.494154711584541e-05
ISHG,-1.1641134179969904e-05
JPMB,0.00011868166358293246
PST,-0.00018536928734597558
RDFI,0.0002466176130188749
PHYL,0.00022347395541080436
IBMP,7.99988804621046e-05
LKOR,0.0001568567655257035
SJB,-0.000195887766799443
EMCB,0.00015712993957958888
FLMI,0.00012055991897864235
FLBL,0.000180775500625643
ARCM,9.328674704164826e-05
PBTP,0.00013383196042181773
SEIX,0.00020129100853956574
PVI,3.858057785041824e-05
UBT,0.0002026368913371078
PFIG,0.0001150796442645365
BKHY,0.00026525710288702336
OVT,0.00012198476173260718
PIFI,3.590908938299073e-05
BSJR,0.00017739777518509687
MBND,2.5630832415222106e-05
XOVR,0.0004728643772662488
THY,9.176588647606858e-05
NUSA,8.797256237856111e-05
AVSF,6.838724385032376e-05
IHYF,0.00017248315713092315
MTGP,4.651767968329649e-05
SPSK,4.1783662569324604e-05
FLRT,0.00017504239730979255
LGOV,6.80739452569972e-05
IBTH,2.679704476005734e-05
UJB,0.0003440108013738765
TYO,-0.00021293781646798462
BSCU,2.3901876590203975e-05
AVMU,3.341580439076262e-05
BSMQ,5.197646998652053e-05
INMU,8.386981696810683e-05
GSIG,8.57284026237534e-05
KHYB,8.003305736947581e-05
TYD,0.00014586130074124533
HYUP,0.00021401847388903626
NFLT,0.00016013927382151842
RTAI,7.176680873278052e-05
JHCB,4.86873699980036e-05
IBHF,0.00019233694611121382
UST,0.00013793518590349036
IBTI,1.4201049194557716e-05
BSMS,5.40297789319213e-05
BSMR,5.400733428086458e-05
IBTJ,4.602002410061985e-06
ADFI,-1.2718535658919257e-05
IBTG,3.920664044680804e-05
VABS,0.0001239741982731869
BSMT,4.5353209750185934e-05
BSJS,0.00015341336761485425
MIG,4.3360917020690894e-05
OVM,0.0001101746832398064
BSMU,1.647971917896502e-05
FIGB,2.5440813718610624e-05
AAA,0.00015947338784328414
BILS,0.00011372152365205842
MBBB,5.1330828151025754e-05
FSEC,2.848806155794018e-05
TFJL,-0.0001469435284650148
HYTR,7.142234931751626e-05
TBJL,-0.000131637383973537
FLUD,0.00012785812415299342
IBTK,-5.536969118300087e-05
MINN,-2.2818869734849113e-06
HISF,0.00015073717249568347
BBAG,8.036795052852145e-05
BBCB,0.00012908111539013917
BBHY,0.00019812810774954778
FXED,0.0001421692494510134
GOVI,0.00013602242235342715
TBLL,9.379539948726437e-05
VSHY,0.00016781872356899338
