,Date,T5YIE,d_T5YIE
0,2003-01-03,1.28,
1,2003-01-10,1.4,0.11999999999999988
2,2003-01-17,1.45,0.050000000000000044
3,2003-01-24,1.46,0.010000000000000009
4,2003-01-31,1.49,0.030000000000000027
5,2003-02-07,1.6,0.1100000000000001
6,2003-02-14,1.62,0.020000000000000018
7,2003-02-21,1.73,0.10999999999999988
8,2003-02-28,1.75,0.020000000000000018
9,2003-03-07,1.74,-0.010000000000000009
10,2003-03-14,1.57,-0.16999999999999993
11,2003-03-21,1.7,0.1299999999999999
12,2003-03-28,1.72,0.020000000000000018
13,2003-04-04,1.63,-0.09000000000000008
14,2003-04-11,1.62,-0.009999999999999787
15,2003-04-18,1.58,-0.040000000000000036
16,2003-04-25,1.46,-0.1200000000000001
17,2003-05-02,1.34,-0.11999999999999988
18,2003-05-09,1.4,0.05999999999999983
19,2003-05-16,1.31,-0.08999999999999986
20,2003-05-23,1.31,0.0
21,2003-05-30,1.26,-0.050000000000000044
22,2003-06-06,1.33,0.07000000000000006
23,2003-06-13,1.37,0.040000000000000036
24,2003-06-20,1.39,0.019999999999999796
25,2003-06-27,1.48,0.09000000000000008
26,2003-07-04,1.44,-0.040000000000000036
27,2003-07-11,1.42,-0.020000000000000018
28,2003-07-18,1.65,0.22999999999999998
29,2003-07-25,1.76,0.1100000000000001
30,2003-08-01,1.75,-0.010000000000000009
31,2003-08-08,1.74,-0.010000000000000009
32,2003-08-15,1.92,0.17999999999999994
33,2003-08-22,2.05,0.1299999999999999
34,2003-08-29,1.99,-0.05999999999999983
35,2003-09-05,1.97,-0.020000000000000018
36,2003-09-12,1.88,-0.09000000000000008
37,2003-09-19,1.81,-0.06999999999999984
38,2003-09-26,1.91,0.09999999999999987
39,2003-10-03,1.89,-0.020000000000000018
40,2003-10-10,1.97,0.08000000000000007
41,2003-10-17,2.07,0.09999999999999987
42,2003-10-24,1.99,-0.07999999999999985
43,2003-10-31,2.06,0.07000000000000006
44,2003-11-07,2.05,-0.010000000000000231
45,2003-11-14,2.02,-0.029999999999999805
46,2003-11-21,1.92,-0.10000000000000009
47,2003-11-28,2.02,0.10000000000000009
48,2003-12-05,2.03,0.009999999999999787
49,2003-12-12,2.1,0.07000000000000028
50,2003-12-19,1.98,-0.1200000000000001
51,2003-12-26,2.01,0.029999999999999805
52,2004-01-02,2.08,0.07000000000000028
53,2004-01-09,1.93,-0.15000000000000013
54,2004-01-16,2.01,0.07999999999999985
55,2004-01-23,2.05,0.040000000000000036
56,2004-01-30,2.16,0.11000000000000032
57,2004-02-06,2.17,0.009999999999999787
58,2004-02-13,2.16,-0.009999999999999787
59,2004-02-20,2.24,0.08000000000000007
60,2004-02-27,2.38,0.13999999999999968
61,2004-03-05,2.28,-0.10000000000000009
62,2004-03-12,2.14,-0.13999999999999968
63,2004-03-19,2.27,0.1299999999999999
64,2004-03-26,2.3,0.029999999999999805
65,2004-04-02,2.38,0.08000000000000007
66,2004-04-09,2.34,-0.040000000000000036
67,2004-04-16,2.44,0.10000000000000009
68,2004-04-23,2.29,-0.1499999999999999
69,2004-04-30,2.34,0.04999999999999982
70,2004-05-07,2.46,0.1200000000000001
71,2004-05-14,2.51,0.04999999999999982
72,2004-05-21,2.57,0.06000000000000005
73,2004-05-28,2.55,-0.020000000000000018
74,2004-06-04,2.6,0.050000000000000266
75,2004-06-11,2.55,-0.050000000000000266
76,2004-06-18,2.54,-0.009999999999999787
77,2004-06-25,2.42,-0.1200000000000001
78,2004-07-02,2.41,-0.009999999999999787
79,2004-07-09,2.41,0.0
80,2004-07-16,2.37,-0.040000000000000036
81,2004-07-23,2.38,0.009999999999999787
82,2004-07-30,2.41,0.03000000000000025
83,2004-08-06,2.34,-0.07000000000000028
84,2004-08-13,2.41,0.07000000000000028
85,2004-08-20,2.36,-0.050000000000000266
86,2004-08-27,2.29,-0.06999999999999984
87,2004-09-03,2.36,0.06999999999999984
88,2004-09-10,2.26,-0.10000000000000009
89,2004-09-17,2.18,-0.07999999999999963
90,2004-09-24,2.2,0.020000000000000018
91,2004-10-01,2.35,0.1499999999999999
92,2004-10-08,2.32,-0.03000000000000025
93,2004-10-15,2.34,0.020000000000000018
94,2004-10-22,2.43,0.0900000000000003
95,2004-10-29,2.49,0.06000000000000005
96,2004-11-05,2.6,0.10999999999999988
97,2004-11-12,2.59,-0.010000000000000231
98,2004-11-19,2.64,0.050000000000000266
99,2004-11-26,2.7,0.06000000000000005
100,2004-12-03,2.68,-0.020000000000000018
101,2004-12-10,2.59,-0.0900000000000003
102,2004-12-17,2.69,0.10000000000000009
103,2004-12-24,2.7,0.010000000000000231
104,2004-12-31,2.64,-0.06000000000000005
105,2005-01-07,2.57,-0.07000000000000028
106,2005-01-14,2.58,0.010000000000000231
107,2005-01-21,2.51,-0.07000000000000028
108,2005-01-28,2.58,0.07000000000000028
109,2005-02-04,2.57,-0.010000000000000231
110,2005-02-11,2.7,0.13000000000000034
111,2005-02-18,2.78,0.07999999999999963
112,2005-02-25,2.8,0.020000000000000018
113,2005-03-04,2.85,0.050000000000000266
114,2005-03-11,2.88,0.029999999999999805
115,2005-03-18,2.92,0.040000000000000036
116,2005-03-25,2.85,-0.06999999999999984
117,2005-04-01,2.85,0.0
118,2005-04-08,2.8,-0.050000000000000266
119,2005-04-15,2.7,-0.09999999999999964
120,2005-04-22,2.81,0.10999999999999988
121,2005-04-29,2.73,-0.08000000000000007
122,2005-05-06,2.68,-0.04999999999999982
123,2005-05-13,2.53,-0.15000000000000036
124,2005-05-20,2.55,0.020000000000000018
125,2005-05-27,2.5,-0.04999999999999982
126,2005-06-03,2.42,-0.08000000000000007
127,2005-06-10,2.37,-0.04999999999999982
128,2005-06-17,2.43,0.06000000000000005
129,2005-06-24,2.32,-0.11000000000000032
130,2005-07-01,2.34,0.020000000000000018
131,2005-07-08,2.33,-0.009999999999999787
132,2005-07-15,2.23,-0.10000000000000009
133,2005-07-22,2.32,0.08999999999999986
134,2005-07-29,2.32,0.0
135,2005-08-05,2.41,0.0900000000000003
136,2005-08-12,2.38,-0.03000000000000025
137,2005-08-19,2.42,0.040000000000000036
138,2005-08-26,2.44,0.020000000000000018
139,2005-09-02,2.53,0.08999999999999986
140,2005-09-09,2.62,0.0900000000000003
141,2005-09-16,2.65,0.029999999999999805
142,2005-09-23,2.64,-0.009999999999999787
143,2005-09-30,2.72,0.08000000000000007
144,2005-10-07,2.59,-0.13000000000000034
145,2005-10-14,2.63,0.040000000000000036
146,2005-10-21,2.6,-0.029999999999999805
147,2005-10-28,2.64,0.040000000000000036
148,2005-11-04,2.66,0.020000000000000018
149,2005-11-11,2.47,-0.18999999999999995
150,2005-11-18,2.38,-0.0900000000000003
151,2005-11-25,2.4,0.020000000000000018
152,2005-12-02,2.36,-0.040000000000000036
153,2005-12-09,2.31,-0.04999999999999982
154,2005-12-16,2.28,-0.03000000000000025
155,2005-12-23,2.26,-0.020000000000000018
156,2005-12-30,2.3,0.040000000000000036
157,2006-01-06,2.33,0.03000000000000025
158,2006-01-13,2.38,0.04999999999999982
159,2006-01-20,2.47,0.0900000000000003
160,2006-01-27,2.52,0.04999999999999982
161,2006-02-03,2.57,0.04999999999999982
162,2006-02-10,2.57,0.0
163,2006-02-17,2.6,0.03000000000000025
164,2006-02-24,2.7,0.10000000000000009
165,2006-03-03,2.76,0.05999999999999961
166,2006-03-10,2.62,-0.13999999999999968
167,2006-03-17,2.62,0.0
168,2006-03-24,2.55,-0.07000000000000028
169,2006-03-31,2.58,0.03000000000000025
170,2006-04-07,2.58,0.0
171,2006-04-14,2.66,0.08000000000000007
172,2006-04-21,2.73,0.06999999999999984
173,2006-04-28,2.67,-0.06000000000000005
174,2006-05-05,2.7,0.03000000000000025
175,2006-05-12,2.78,0.07999999999999963
176,2006-05-19,2.65,-0.1299999999999999
177,2006-05-26,2.65,0.0
178,2006-06-02,2.66,0.010000000000000231
179,2006-06-09,2.6,-0.06000000000000005
180,2006-06-16,2.63,0.029999999999999805
181,2006-06-23,2.63,0.0
182,2006-06-30,2.63,0.0
183,2006-07-07,2.63,0.0
184,2006-07-14,2.58,-0.04999999999999982
185,2006-07-21,2.57,-0.010000000000000231
186,2006-07-28,2.54,-0.029999999999999805
187,2006-08-04,2.59,0.04999999999999982
188,2006-08-11,2.64,0.050000000000000266
189,2006-08-18,2.55,-0.0900000000000003
190,2006-08-25,2.5,-0.04999999999999982
191,2006-09-01,2.4,-0.10000000000000009
192,2006-09-08,2.32,-0.08000000000000007
193,2006-09-15,2.31,-0.009999999999999787
194,2006-09-22,2.2,-0.10999999999999988
195,2006-09-29,2.25,0.04999999999999982
196,2006-10-06,2.18,-0.06999999999999984
197,2006-10-13,2.2,0.020000000000000018
198,2006-10-20,2.15,-0.050000000000000266
199,2006-10-27,2.16,0.010000000000000231
200,2006-11-03,2.18,0.020000000000000018
201,2006-11-10,2.2,0.020000000000000018
202,2006-11-17,2.12,-0.08000000000000007
203,2006-11-24,2.17,0.04999999999999982
204,2006-12-01,2.27,0.10000000000000009
205,2006-12-08,2.28,0.009999999999999787
206,2006-12-15,2.25,-0.029999999999999805
207,2006-12-22,2.21,-0.040000000000000036
208,2006-12-29,2.26,0.04999999999999982
209,2007-01-05,2.24,-0.019999999999999574
210,2007-01-12,2.23,-0.010000000000000231
211,2007-01-19,2.25,0.020000000000000018
212,2007-01-26,2.36,0.10999999999999988
213,2007-02-02,2.42,0.06000000000000005
214,2007-02-09,2.37,-0.04999999999999982
215,2007-02-16,2.32,-0.050000000000000266
216,2007-02-23,2.41,0.0900000000000003
217,2007-03-02,2.4,-0.010000000000000231
218,2007-03-09,2.42,0.020000000000000018
219,2007-03-16,2.44,0.020000000000000018
220,2007-03-23,2.49,0.050000000000000266
221,2007-03-30,2.51,0.019999999999999574
222,2007-04-06,2.55,0.040000000000000036
223,2007-04-13,2.5,-0.04999999999999982
224,2007-04-20,2.44,-0.06000000000000005
225,2007-04-27,2.47,0.03000000000000025
226,2007-05-04,2.42,-0.050000000000000266
227,2007-05-11,2.38,-0.040000000000000036
228,2007-05-18,2.37,-0.009999999999999787
229,2007-05-25,2.37,0.0
230,2007-06-01,2.34,-0.03000000000000025
231,2007-06-08,2.38,0.040000000000000036
232,2007-06-15,2.42,0.040000000000000036
233,2007-06-22,2.39,-0.029999999999999805
234,2007-06-29,2.33,-0.06000000000000005
235,2007-07-06,2.38,0.04999999999999982
236,2007-07-13,2.34,-0.040000000000000036
237,2007-07-20,2.28,-0.06000000000000005
238,2007-07-27,2.15,-0.1299999999999999
239,2007-08-03,2.11,-0.040000000000000036
240,2007-08-10,2.07,-0.040000000000000036
241,2007-08-17,2.03,-0.040000000000000036
242,2007-08-24,2.03,0.0
243,2007-08-31,1.97,-0.05999999999999983
244,2007-09-07,1.96,-0.010000000000000009
245,2007-09-14,2.07,0.10999999999999988
246,2007-09-21,2.13,0.06000000000000005
247,2007-09-28,2.11,-0.020000000000000018
248,2007-10-05,2.14,0.03000000000000025
249,2007-10-12,2.2,0.06000000000000005
250,2007-10-19,2.19,-0.010000000000000231
251,2007-10-26,2.24,0.050000000000000266
252,2007-11-02,2.31,0.06999999999999984
253,2007-11-09,2.37,0.06000000000000005
254,2007-11-16,2.31,-0.06000000000000005
255,2007-11-23,2.28,-0.03000000000000025
256,2007-11-30,2.24,-0.03999999999999959
257,2007-12-07,2.14,-0.10000000000000009
258,2007-12-14,2.24,0.10000000000000009
259,2007-12-21,2.26,0.019999999999999574
260,2007-12-28,2.29,0.03000000000000025
261,2008-01-04,2.25,-0.040000000000000036
262,2008-01-11,2.15,-0.10000000000000009
263,2008-01-18,2.04,-0.10999999999999988
264,2008-01-25,2.05,0.009999999999999787
265,2008-02-01,2.09,0.040000000000000036
266,2008-02-08,2.02,-0.06999999999999984
267,2008-02-15,2.08,0.06000000000000005
268,2008-02-22,2.17,0.08999999999999986
269,2008-02-29,2.3,0.1299999999999999
270,2008-03-07,2.37,0.07000000000000028
271,2008-03-14,2.25,-0.1200000000000001
272,2008-03-21,2.14,-0.10999999999999988
273,2008-03-28,2.21,0.06999999999999984
274,2008-04-04,2.18,-0.029999999999999805
275,2008-04-11,2.17,-0.010000000000000231
276,2008-04-18,2.24,0.07000000000000028
277,2008-04-25,2.31,0.06999999999999984
278,2008-05-02,2.32,0.009999999999999787
279,2008-05-09,2.32,0.0
280,2008-05-16,2.37,0.050000000000000266
281,2008-05-23,2.42,0.04999999999999982
282,2008-05-30,2.4,-0.020000000000000018
283,2008-06-06,2.45,0.050000000000000266
284,2008-06-13,2.56,0.10999999999999988
285,2008-06-20,2.53,-0.03000000000000025
286,2008-06-27,2.62,0.0900000000000003
287,2008-07-04,2.72,0.10000000000000009
288,2008-07-11,2.6,-0.1200000000000001
289,2008-07-18,2.5,-0.10000000000000009
290,2008-07-25,2.24,-0.2599999999999998
291,2008-08-01,2.17,-0.07000000000000028
292,2008-08-08,2.04,-0.1299999999999999
293,2008-08-15,1.95,-0.09000000000000008
294,2008-08-22,1.94,-0.010000000000000009
295,2008-08-29,1.89,-0.050000000000000044
296,2008-09-05,1.6,-0.2899999999999998
297,2008-09-12,1.5,-0.10000000000000009
298,2008-09-19,1.37,-0.1299999999999999
299,2008-09-26,1.15,-0.2200000000000002
300,2008-10-03,0.96,-0.18999999999999995
301,2008-10-10,0.2,-0.76
302,2008-10-17,0.04,-0.16
303,2008-10-24,-0.8,-0.8400000000000001
304,2008-10-31,-0.96,-0.15999999999999992
305,2008-11-07,-1.0,-0.040000000000000036
306,2008-11-14,-1.1,-0.10000000000000009
307,2008-11-21,-1.94,-0.8399999999999999
308,2008-11-28,-2.24,-0.30000000000000027
309,2008-12-05,-0.12,2.12
310,2008-12-12,-0.38,-0.26
311,2008-12-19,-0.31,0.07
312,2008-12-26,-0.28,0.02999999999999997
313,2009-01-02,-0.25,0.030000000000000027
314,2009-01-09,-0.09,0.16
315,2009-01-16,0.0,0.09
316,2009-01-23,0.09,0.09
317,2009-01-30,0.38,0.29000000000000004
318,2009-02-06,0.7,0.31999999999999995
319,2009-02-13,0.67,-0.029999999999999916
320,2009-02-20,0.57,-0.10000000000000009
321,2009-02-27,0.58,0.010000000000000009
322,2009-03-06,0.37,-0.20999999999999996
323,2009-03-13,0.5,0.13
324,2009-03-20,0.63,0.13
325,2009-03-27,0.9,0.27
326,2009-04-03,0.8,-0.09999999999999998
327,2009-04-10,0.82,0.019999999999999907
328,2009-04-17,0.73,-0.08999999999999997
329,2009-04-24,0.73,0.0
330,2009-05-01,0.79,0.06000000000000005
331,2009-05-08,1.04,0.25
332,2009-05-15,1.0,-0.040000000000000036
333,2009-05-22,1.19,0.18999999999999995
334,2009-05-29,1.36,0.17000000000000015
335,2009-06-05,1.71,0.34999999999999987
336,2009-06-12,1.67,-0.040000000000000036
337,2009-06-19,1.54,-0.1299999999999999
338,2009-06-26,1.21,-0.33000000000000007
339,2009-07-03,1.27,0.06000000000000005
340,2009-07-10,1.06,-0.20999999999999996
341,2009-07-17,1.37,0.31000000000000005
342,2009-07-24,1.39,0.019999999999999796
343,2009-07-31,1.32,-0.06999999999999984
344,2009-08-07,1.48,0.15999999999999992
345,2009-08-14,1.13,-0.3500000000000001
346,2009-08-21,1.36,0.2300000000000002
347,2009-08-28,1.18,-0.18000000000000016
348,2009-09-04,1.24,0.06000000000000005
349,2009-09-11,1.36,0.1200000000000001
350,2009-09-18,1.45,0.08999999999999986
351,2009-09-25,1.36,-0.08999999999999986
352,2009-10-02,1.33,-0.030000000000000027
353,2009-10-09,1.46,0.1299999999999999
354,2009-10-16,1.57,0.1100000000000001
355,2009-10-23,1.56,-0.010000000000000009
356,2009-10-30,1.61,0.050000000000000044
357,2009-11-06,1.7,0.08999999999999986
358,2009-11-13,1.73,0.030000000000000027
359,2009-11-20,1.8,0.07000000000000006
360,2009-11-27,1.74,-0.06000000000000005
361,2009-12-04,1.81,0.07000000000000006
362,2009-12-11,1.79,-0.020000000000000018
363,2009-12-18,1.92,0.1299999999999999
364,2009-12-25,2.05,0.1299999999999999
365,2010-01-01,2.13,0.08000000000000007
366,2010-01-08,2.18,0.050000000000000266
367,2010-01-15,2.1,-0.08000000000000007
368,2010-01-22,1.95,-0.15000000000000013
369,2010-01-29,1.91,-0.040000000000000036
370,2010-02-05,1.89,-0.020000000000000018
371,2010-02-12,1.96,0.07000000000000006
372,2010-02-19,1.97,0.010000000000000009
373,2010-02-26,1.83,-0.1399999999999999
374,2010-03-05,1.89,0.05999999999999983
375,2010-03-12,1.93,0.040000000000000036
376,2010-03-19,1.86,-0.06999999999999984
377,2010-03-26,1.86,0.0
378,2010-04-02,1.86,0.0
379,2010-04-09,1.97,0.10999999999999988
380,2010-04-16,1.9,-0.07000000000000006
381,2010-04-23,1.99,0.09000000000000008
382,2010-04-30,2.01,0.019999999999999796
383,2010-05-07,1.75,-0.2599999999999998
384,2010-05-14,1.83,0.08000000000000007
385,2010-05-21,1.61,-0.21999999999999997
386,2010-05-28,1.69,0.07999999999999985
387,2010-06-04,1.66,-0.030000000000000027
388,2010-06-11,1.65,-0.010000000000000009
389,2010-06-18,1.69,0.040000000000000036
390,2010-06-25,1.61,-0.07999999999999985
391,2010-07-02,1.48,-0.13000000000000012
392,2010-07-09,1.47,-0.010000000000000009
393,2010-07-16,1.36,-0.10999999999999988
394,2010-07-23,1.39,0.029999999999999805
395,2010-07-30,1.43,0.040000000000000036
396,2010-08-06,1.46,0.030000000000000027
397,2010-08-13,1.34,-0.11999999999999988
398,2010-08-20,1.24,-0.10000000000000009
399,2010-08-27,1.27,0.030000000000000027
400,2010-09-03,1.25,-0.020000000000000018
401,2010-09-10,1.34,0.09000000000000008
402,2010-09-17,1.25,-0.09000000000000008
403,2010-09-24,1.31,0.06000000000000005
404,2010-10-01,1.33,0.020000000000000018
405,2010-10-08,1.48,0.1499999999999999
406,2010-10-15,1.58,0.10000000000000009
407,2010-10-22,1.56,-0.020000000000000018
408,2010-10-29,1.48,-0.08000000000000007
409,2010-11-05,1.57,0.09000000000000008
410,2010-11-12,1.57,0.0
411,2010-11-19,1.59,0.020000000000000018
412,2010-11-26,1.6,0.010000000000000009
413,2010-12-03,1.62,0.020000000000000018
414,2010-12-10,1.65,0.029999999999999805
415,2010-12-17,1.75,0.10000000000000009
416,2010-12-24,1.83,0.08000000000000007
417,2010-12-31,1.83,0.0
418,2011-01-07,1.91,0.07999999999999985
419,2011-01-14,1.93,0.020000000000000018
420,2011-01-21,1.92,-0.010000000000000009
421,2011-01-28,1.93,0.010000000000000009
422,2011-02-04,1.99,0.06000000000000005
423,2011-02-11,1.88,-0.1100000000000001
424,2011-02-18,2.04,0.16000000000000014
425,2011-02-25,2.17,0.1299999999999999
426,2011-03-04,2.24,0.07000000000000028
427,2011-03-11,2.17,-0.07000000000000028
428,2011-03-18,2.18,0.010000000000000231
429,2011-03-25,2.19,0.009999999999999787
430,2011-04-01,2.25,0.06000000000000005
431,2011-04-08,2.38,0.1299999999999999
432,2011-04-15,2.23,-0.1499999999999999
433,2011-04-22,2.29,0.06000000000000005
434,2011-04-29,2.45,0.16000000000000014
435,2011-05-06,2.25,-0.20000000000000018
436,2011-05-13,2.15,-0.10000000000000009
437,2011-05-20,2.07,-0.08000000000000007
438,2011-05-27,2.03,-0.040000000000000036
439,2011-06-03,2.03,0.0
440,2011-06-10,1.99,-0.039999999999999813
441,2011-06-17,1.9,-0.09000000000000008
442,2011-06-24,1.79,-0.10999999999999988
443,2011-07-01,2.05,0.2599999999999998
444,2011-07-08,2.01,-0.040000000000000036
445,2011-07-15,1.98,-0.029999999999999805
446,2011-07-22,2.03,0.04999999999999982
447,2011-07-29,2.07,0.040000000000000036
448,2011-08-05,1.82,-0.24999999999999978
449,2011-08-12,1.84,0.020000000000000018
450,2011-08-19,1.7,-0.14000000000000012
451,2011-08-26,1.64,-0.06000000000000005
452,2011-09-02,1.72,0.08000000000000007
453,2011-09-09,1.65,-0.07000000000000006
454,2011-09-16,1.69,0.040000000000000036
455,2011-09-23,1.48,-0.20999999999999996
456,2011-09-30,1.5,0.020000000000000018
457,2011-10-07,1.63,0.1299999999999999
458,2011-10-14,1.66,0.030000000000000027
459,2011-10-21,1.74,0.08000000000000007
460,2011-10-28,1.93,0.18999999999999995
461,2011-11-04,1.93,0.0
462,2011-11-11,1.88,-0.050000000000000044
463,2011-11-18,1.64,-0.24
464,2011-11-25,1.64,0.0
465,2011-12-02,1.76,0.1200000000000001
466,2011-12-09,1.64,-0.1200000000000001
467,2011-12-16,1.58,-0.05999999999999983
468,2011-12-23,1.68,0.09999999999999987
469,2011-12-30,1.59,-0.08999999999999986
470,2012-01-06,1.71,0.11999999999999988
471,2012-01-13,1.69,-0.020000000000000018
472,2012-01-20,1.76,0.07000000000000006
473,2012-01-27,1.88,0.11999999999999988
474,2012-02-03,1.88,0.0
475,2012-02-10,1.88,0.0
476,2012-02-17,1.93,0.050000000000000044
477,2012-02-24,2.03,0.09999999999999987
478,2012-03-02,1.95,-0.07999999999999985
479,2012-03-09,2.07,0.11999999999999988
480,2012-03-16,2.12,0.050000000000000266
481,2012-03-23,2.04,-0.08000000000000007
482,2012-03-30,2.02,-0.020000000000000018
483,2012-04-06,1.85,-0.16999999999999993
484,2012-04-13,1.91,0.05999999999999983
485,2012-04-20,1.96,0.050000000000000044
486,2012-04-27,2.06,0.10000000000000009
487,2012-05-04,1.93,-0.13000000000000012
488,2012-05-11,1.91,-0.020000000000000018
489,2012-05-18,1.85,-0.05999999999999983
490,2012-05-25,1.78,-0.07000000000000006
491,2012-06-01,1.65,-0.13000000000000012
492,2012-06-08,1.79,0.14000000000000012
493,2012-06-15,1.86,0.07000000000000006
494,2012-06-22,1.74,-0.1200000000000001
495,2012-06-29,1.72,-0.020000000000000018
496,2012-07-06,1.76,0.040000000000000036
497,2012-07-13,1.78,0.020000000000000018
498,2012-07-20,1.77,-0.010000000000000009
499,2012-07-27,1.79,0.020000000000000018
500,2012-08-03,1.87,0.08000000000000007
501,2012-08-10,1.9,0.029999999999999805
502,2012-08-17,1.86,-0.039999999999999813
503,2012-08-24,1.94,0.07999999999999985
504,2012-08-31,1.95,0.010000000000000009
505,2012-09-07,2.03,0.07999999999999985
506,2012-09-14,2.39,0.3600000000000003
507,2012-09-21,2.18,-0.20999999999999996
508,2012-09-28,2.11,-0.07000000000000028
509,2012-10-05,2.28,0.16999999999999993
510,2012-10-12,2.15,-0.1299999999999999
511,2012-10-19,2.19,0.040000000000000036
512,2012-10-26,2.08,-0.10999999999999988
513,2012-11-02,2.12,0.040000000000000036
514,2012-11-09,2.05,-0.07000000000000028
515,2012-11-16,2.01,-0.040000000000000036
516,2012-11-23,2.06,0.050000000000000266
517,2012-11-30,2.01,-0.050000000000000266
518,2012-12-07,2.1,0.0900000000000003
519,2012-12-14,2.11,0.009999999999999787
520,2012-12-21,2.1,-0.009999999999999787
521,2012-12-28,2.06,-0.040000000000000036
522,2013-01-04,2.13,0.06999999999999984
523,2013-01-11,2.18,0.050000000000000266
524,2013-01-18,2.2,0.020000000000000018
525,2013-01-25,2.21,0.009999999999999787
526,2013-02-01,2.34,0.1299999999999999
527,2013-02-08,2.21,-0.1299999999999999
528,2013-02-15,2.19,-0.020000000000000018
529,2013-02-22,2.2,0.010000000000000231
530,2013-03-01,2.2,0.0
531,2013-03-08,2.18,-0.020000000000000018
532,2013-03-15,2.3,0.11999999999999966
533,2013-03-22,2.23,-0.06999999999999984
534,2013-03-29,2.24,0.010000000000000231
535,2013-04-05,2.1,-0.14000000000000012
536,2013-04-12,2.11,0.009999999999999787
537,2013-04-19,2.04,-0.06999999999999984
538,2013-04-26,2.11,0.06999999999999984
539,2013-05-03,2.03,-0.08000000000000007
540,2013-05-10,2.05,0.020000000000000018
541,2013-05-17,1.98,-0.06999999999999984
542,2013-05-24,1.93,-0.050000000000000044
543,2013-05-31,1.87,-0.05999999999999983
544,2013-06-07,1.89,0.019999999999999796
545,2013-06-14,1.82,-0.06999999999999984
546,2013-06-21,1.66,-0.16000000000000014
547,2013-06-28,1.76,0.10000000000000009
548,2013-07-05,1.87,0.1100000000000001
549,2013-07-12,1.84,-0.030000000000000027
550,2013-07-19,1.91,0.06999999999999984
551,2013-07-26,1.83,-0.07999999999999985
552,2013-08-02,1.91,0.07999999999999985
553,2013-08-09,1.91,0.0
554,2013-08-16,1.79,-0.11999999999999988
555,2013-08-23,1.82,0.030000000000000027
556,2013-08-30,1.78,-0.040000000000000036
557,2013-09-06,1.71,-0.07000000000000006
558,2013-09-13,1.75,0.040000000000000036
559,2013-09-20,1.85,0.10000000000000009
560,2013-09-27,1.76,-0.09000000000000008
561,2013-10-04,1.79,0.030000000000000027
562,2013-10-11,1.79,0.0
563,2013-10-18,1.78,-0.010000000000000009
564,2013-10-25,1.77,-0.010000000000000009
565,2013-11-01,1.7,-0.07000000000000006
566,2013-11-08,1.77,0.07000000000000006
567,2013-11-15,1.8,0.030000000000000027
568,2013-11-22,1.76,-0.040000000000000036
569,2013-11-29,1.69,-0.07000000000000006
570,2013-12-06,1.65,-0.040000000000000036
571,2013-12-13,1.66,0.010000000000000009
572,2013-12-20,1.64,-0.020000000000000018
573,2013-12-27,1.68,0.040000000000000036
574,2014-01-03,1.69,0.010000000000000009
575,2014-01-10,1.75,0.06000000000000005
576,2014-01-17,1.72,-0.030000000000000027
577,2014-01-24,1.68,-0.040000000000000036
578,2014-01-31,1.72,0.040000000000000036
579,2014-02-07,1.77,0.050000000000000044
580,2014-02-14,1.67,-0.10000000000000009
581,2014-02-21,1.74,0.07000000000000006
582,2014-02-28,1.79,0.050000000000000044
583,2014-03-07,1.83,0.040000000000000036
584,2014-03-14,1.74,-0.09000000000000008
585,2014-03-21,1.79,0.050000000000000044
586,2014-03-28,1.72,-0.07000000000000006
587,2014-04-04,1.71,-0.010000000000000009
588,2014-04-11,1.64,-0.07000000000000006
589,2014-04-18,1.95,0.31000000000000005
590,2014-04-25,1.96,0.010000000000000009
591,2014-05-02,1.95,-0.010000000000000009
592,2014-05-09,1.92,-0.030000000000000027
593,2014-05-16,1.94,0.020000000000000018
594,2014-05-23,1.97,0.030000000000000027
595,2014-05-30,1.93,-0.040000000000000036
596,2014-06-06,1.93,0.0
597,2014-06-13,1.93,0.0
598,2014-06-20,2.02,0.09000000000000008
599,2014-06-27,2.03,0.009999999999999787
600,2014-07-04,2.03,0.0
601,2014-07-11,1.99,-0.039999999999999813
602,2014-07-18,1.96,-0.030000000000000027
603,2014-07-25,1.95,-0.010000000000000009
604,2014-08-01,1.92,-0.030000000000000027
605,2014-08-08,1.86,-0.05999999999999983
606,2014-08-15,1.83,-0.030000000000000027
607,2014-08-22,1.79,-0.040000000000000036
608,2014-08-29,1.76,-0.030000000000000027
609,2014-09-05,1.77,0.010000000000000009
610,2014-09-12,1.75,-0.020000000000000018
611,2014-09-19,1.56,-0.18999999999999995
612,2014-09-26,1.59,0.030000000000000027
613,2014-10-03,1.56,-0.030000000000000027
614,2014-10-10,1.52,-0.040000000000000036
615,2014-10-17,1.43,-0.09000000000000008
616,2014-10-24,1.46,0.030000000000000027
617,2014-10-31,1.53,0.07000000000000006
618,2014-11-07,1.59,0.06000000000000005
619,2014-11-14,1.45,-0.14000000000000012
620,2014-11-21,1.44,-0.010000000000000009
621,2014-11-28,1.39,-0.050000000000000044
622,2014-12-05,1.35,-0.039999999999999813
623,2014-12-12,1.2,-0.15000000000000013
624,2014-12-19,1.27,0.07000000000000006
625,2014-12-26,1.26,-0.010000000000000009
626,2015-01-02,1.3,0.040000000000000036
627,2015-01-09,1.2,-0.10000000000000009
628,2015-01-16,1.19,-0.010000000000000009
629,2015-01-23,1.21,0.020000000000000018
630,2015-01-30,1.29,0.08000000000000007
631,2015-02-06,1.36,0.07000000000000006
632,2015-02-13,1.32,-0.040000000000000036
633,2015-02-20,1.37,0.050000000000000044
634,2015-02-27,1.49,0.11999999999999988
635,2015-03-06,1.55,0.06000000000000005
636,2015-03-13,1.4,-0.15000000000000013
637,2015-03-20,1.5,0.10000000000000009
638,2015-03-27,1.54,0.040000000000000036
639,2015-04-03,1.58,0.040000000000000036
640,2015-04-10,1.56,-0.020000000000000018
641,2015-04-17,1.65,0.08999999999999986
642,2015-04-24,1.71,0.06000000000000005
643,2015-05-01,1.72,0.010000000000000009
644,2015-05-08,1.66,-0.06000000000000005
645,2015-05-15,1.62,-0.039999999999999813
646,2015-05-22,1.65,0.029999999999999805
647,2015-05-29,1.57,-0.07999999999999985
648,2015-06-05,1.64,0.06999999999999984
649,2015-06-12,1.64,0.0
650,2015-06-19,1.63,-0.010000000000000009
651,2015-06-26,1.66,0.030000000000000027
652,2015-07-03,1.62,-0.039999999999999813
653,2015-07-10,1.58,-0.040000000000000036
654,2015-07-17,1.5,-0.08000000000000007
655,2015-07-24,1.4,-0.10000000000000009
656,2015-07-31,1.36,-0.039999999999999813
657,2015-08-07,1.28,-0.08000000000000007
658,2015-08-14,1.25,-0.030000000000000027
659,2015-08-21,1.13,-0.1200000000000001
660,2015-08-28,1.22,0.09000000000000008
661,2015-09-04,1.14,-0.08000000000000007
662,2015-09-11,1.21,0.07000000000000006
663,2015-09-18,1.19,-0.020000000000000018
664,2015-09-25,1.11,-0.07999999999999985
665,2015-10-02,1.15,0.039999999999999813
666,2015-10-09,1.22,0.07000000000000006
667,2015-10-16,1.18,-0.040000000000000036
668,2015-10-23,1.19,0.010000000000000009
669,2015-10-30,1.2,0.010000000000000009
670,2015-11-06,1.25,0.050000000000000044
671,2015-11-13,1.21,-0.040000000000000036
672,2015-11-20,1.31,0.10000000000000009
673,2015-11-27,1.31,0.0
674,2015-12-04,1.3,-0.010000000000000009
675,2015-12-11,1.17,-0.13000000000000012
676,2015-12-18,1.21,0.040000000000000036
677,2015-12-25,1.23,0.020000000000000018
678,2016-01-01,1.31,0.08000000000000007
679,2016-01-08,1.23,-0.08000000000000007
680,2016-01-15,1.12,-0.10999999999999988
681,2016-01-22,1.15,0.029999999999999805
682,2016-01-29,1.19,0.040000000000000036
683,2016-02-05,1.07,-0.11999999999999988
684,2016-02-12,1.03,-0.040000000000000036
685,2016-02-19,1.06,0.030000000000000027
686,2016-02-26,1.2,0.1399999999999999
687,2016-03-04,1.36,0.16000000000000014
688,2016-03-11,1.41,0.04999999999999982
689,2016-03-18,1.47,0.06000000000000005
690,2016-03-25,1.42,-0.050000000000000044
691,2016-04-01,1.49,0.07000000000000006
692,2016-04-08,1.43,-0.06000000000000005
693,2016-04-15,1.42,-0.010000000000000009
694,2016-04-22,1.56,0.14000000000000012
695,2016-04-29,1.6,0.040000000000000036
696,2016-05-06,1.51,-0.09000000000000008
697,2016-05-13,1.52,0.010000000000000009
698,2016-05-20,1.51,-0.010000000000000009
699,2016-05-27,1.51,0.0
700,2016-06-03,1.45,-0.06000000000000005
701,2016-06-10,1.49,0.040000000000000036
702,2016-06-17,1.43,-0.06000000000000005
703,2016-06-24,1.36,-0.06999999999999984
704,2016-07-01,1.43,0.06999999999999984
705,2016-07-08,1.39,-0.040000000000000036
706,2016-07-15,1.44,0.050000000000000044
707,2016-07-22,1.36,-0.07999999999999985
708,2016-07-29,1.31,-0.050000000000000044
709,2016-08-05,1.33,0.020000000000000018
710,2016-08-12,1.29,-0.040000000000000036
711,2016-08-19,1.34,0.050000000000000044
712,2016-08-26,1.31,-0.030000000000000027
713,2016-09-02,1.28,-0.030000000000000027
714,2016-09-09,1.32,0.040000000000000036
715,2016-09-16,1.34,0.020000000000000018
716,2016-09-23,1.42,0.07999999999999985
717,2016-09-30,1.45,0.030000000000000027
718,2016-10-07,1.5,0.050000000000000044
719,2016-10-14,1.53,0.030000000000000027
720,2016-10-21,1.56,0.030000000000000027
721,2016-10-28,1.6,0.040000000000000036
722,2016-11-04,1.52,-0.08000000000000007
723,2016-11-11,1.7,0.17999999999999994
724,2016-11-18,1.74,0.040000000000000036
725,2016-11-25,1.74,0.0
726,2016-12-02,1.76,0.020000000000000018
727,2016-12-09,1.83,0.07000000000000006
728,2016-12-16,1.75,-0.08000000000000007
729,2016-12-23,1.84,0.09000000000000008
730,2016-12-30,1.84,0.0
731,2017-01-06,1.84,0.0
732,2017-01-13,1.85,0.010000000000000009
733,2017-01-20,1.92,0.06999999999999984
734,2017-01-27,1.96,0.040000000000000036
735,2017-02-03,1.91,-0.050000000000000044
736,2017-02-10,1.87,-0.039999999999999813
737,2017-02-17,1.85,-0.020000000000000018
738,2017-02-24,1.9,0.04999999999999982
739,2017-03-03,1.92,0.020000000000000018
740,2017-03-10,1.9,-0.020000000000000018
741,2017-03-17,1.89,-0.010000000000000009
742,2017-03-24,1.73,-0.15999999999999992
743,2017-03-31,1.77,0.040000000000000036
744,2017-04-07,1.7,-0.07000000000000006
745,2017-04-14,1.74,0.040000000000000036
746,2017-04-21,1.79,0.050000000000000044
747,2017-04-28,1.81,0.020000000000000018
748,2017-05-05,1.75,-0.06000000000000005
749,2017-05-12,1.75,0.0
750,2017-05-19,1.75,0.0
751,2017-05-26,1.73,-0.020000000000000018
752,2017-06-02,1.72,-0.010000000000000009
753,2017-06-09,1.68,-0.040000000000000036
754,2017-06-16,1.56,-0.11999999999999988
755,2017-06-23,1.59,0.030000000000000027
756,2017-06-30,1.63,0.039999999999999813
757,2017-07-07,1.63,0.0
758,2017-07-14,1.62,-0.009999999999999787
759,2017-07-21,1.62,0.0
760,2017-07-28,1.68,0.05999999999999983
761,2017-08-04,1.65,-0.030000000000000027
762,2017-08-11,1.64,-0.010000000000000009
763,2017-08-18,1.61,-0.029999999999999805
764,2017-08-25,1.57,-0.040000000000000036
765,2017-09-01,1.63,0.05999999999999983
766,2017-09-08,1.63,0.0
767,2017-09-15,1.72,0.09000000000000008
768,2017-09-22,1.71,-0.010000000000000009
769,2017-09-29,1.68,-0.030000000000000027
770,2017-10-06,1.78,0.10000000000000009
771,2017-10-13,1.71,-0.07000000000000006
772,2017-10-20,1.76,0.050000000000000044
773,2017-10-27,1.76,0.0
774,2017-11-03,1.74,-0.020000000000000018
775,2017-11-10,1.78,0.040000000000000036
776,2017-11-17,1.75,-0.030000000000000027
777,2017-11-24,1.71,-0.040000000000000036
778,2017-12-01,1.72,0.010000000000000009
779,2017-12-08,1.71,-0.010000000000000009
780,2017-12-15,1.77,0.06000000000000005
781,2017-12-22,1.82,0.050000000000000044
782,2017-12-29,1.86,0.040000000000000036
783,2018-01-05,1.95,0.08999999999999986
784,2018-01-12,1.92,-0.030000000000000027
785,2018-01-19,2.0,0.08000000000000007
786,2018-01-26,1.93,-0.07000000000000006
787,2018-02-02,1.93,0.0
788,2018-02-09,1.83,-0.09999999999999987
789,2018-02-16,2.0,0.16999999999999993
790,2018-02-23,2.04,0.040000000000000036
791,2018-03-02,2.03,-0.010000000000000231
792,2018-03-09,1.96,-0.06999999999999984
793,2018-03-16,2.05,0.08999999999999986
794,2018-03-23,2.01,-0.040000000000000036
795,2018-03-30,1.92,-0.08999999999999986
796,2018-04-06,2.01,0.08999999999999986
797,2018-04-13,2.01,0.0
798,2018-04-20,2.1,0.0900000000000003
799,2018-04-27,2.09,-0.010000000000000231
800,2018-05-04,2.09,0.0
801,2018-05-11,2.13,0.040000000000000036
802,2018-05-18,2.14,0.010000000000000231
803,2018-05-25,2.04,-0.10000000000000009
804,2018-06-01,2.06,0.020000000000000018
805,2018-06-08,2.06,0.0
806,2018-06-15,2.08,0.020000000000000018
807,2018-06-22,2.07,-0.010000000000000231
808,2018-06-29,2.06,-0.009999999999999787
809,2018-07-06,2.08,0.020000000000000018
810,2018-07-13,2.07,-0.010000000000000231
811,2018-07-20,2.02,-0.04999999999999982
812,2018-07-27,2.0,-0.020000000000000018
813,2018-08-03,2.0,0.0
814,2018-08-10,1.98,-0.020000000000000018
815,2018-08-17,1.96,-0.020000000000000018
816,2018-08-24,1.99,0.030000000000000027
817,2018-08-31,1.98,-0.010000000000000009
818,2018-09-07,1.98,0.0
819,2018-09-14,2.0,0.020000000000000018
820,2018-09-21,2.02,0.020000000000000018
821,2018-09-28,2.03,0.009999999999999787
822,2018-10-05,2.05,0.020000000000000018
823,2018-10-12,1.99,-0.05999999999999983
824,2018-10-19,1.98,-0.010000000000000009
825,2018-10-26,1.93,-0.050000000000000044
826,2018-11-02,1.91,-0.020000000000000018
827,2018-11-09,1.9,-0.010000000000000009
828,2018-11-16,1.88,-0.020000000000000018
829,2018-11-23,1.77,-0.10999999999999988
830,2018-11-30,1.77,0.0
831,2018-12-07,1.68,-0.09000000000000008
832,2018-12-14,1.6,-0.07999999999999985
833,2018-12-21,1.55,-0.050000000000000044
834,2018-12-28,1.52,-0.030000000000000027
835,2019-01-04,1.58,0.06000000000000005
836,2019-01-11,1.66,0.07999999999999985
837,2019-01-18,1.67,0.010000000000000009
838,2019-01-25,1.64,-0.030000000000000027
839,2019-02-01,1.72,0.08000000000000007
840,2019-02-08,1.69,-0.030000000000000027
841,2019-02-15,1.75,0.06000000000000005
842,2019-02-22,1.82,0.07000000000000006
843,2019-03-01,1.85,0.030000000000000027
844,2019-03-08,1.8,-0.050000000000000044
845,2019-03-15,1.86,0.06000000000000005
846,2019-03-22,1.8,-0.06000000000000005
847,2019-03-29,1.78,-0.020000000000000018
848,2019-04-05,1.79,0.010000000000000009
849,2019-04-12,1.86,0.07000000000000006
850,2019-04-19,1.86,0.0
851,2019-04-26,1.86,0.0
852,2019-05-03,1.8,-0.06000000000000005
853,2019-05-10,1.75,-0.050000000000000044
854,2019-05-17,1.71,-0.040000000000000036
855,2019-05-24,1.62,-0.08999999999999986
856,2019-05-31,1.58,-0.040000000000000036
857,2019-06-07,1.61,0.030000000000000027
858,2019-06-14,1.48,-0.13000000000000012
859,2019-06-21,1.6,0.1200000000000001
860,2019-06-28,1.53,-0.07000000000000006
861,2019-07-05,1.55,0.020000000000000018
862,2019-07-12,1.62,0.07000000000000006
863,2019-07-19,1.6,-0.020000000000000018
864,2019-07-26,1.57,-0.030000000000000027
865,2019-08-02,1.45,-0.1200000000000001
866,2019-08-09,1.44,-0.010000000000000009
867,2019-08-16,1.34,-0.09999999999999987
868,2019-08-23,1.35,0.010000000000000009
869,2019-08-30,1.35,0.0
870,2019-09-06,1.35,0.0
871,2019-09-13,1.46,0.10999999999999988
872,2019-09-20,1.42,-0.040000000000000036
873,2019-09-27,1.36,-0.05999999999999983
874,2019-10-04,1.27,-0.09000000000000008
875,2019-10-11,1.34,0.07000000000000006
876,2019-10-18,1.52,0.17999999999999994
877,2019-10-25,1.55,0.030000000000000027
878,2019-11-01,1.5,-0.050000000000000044
879,2019-11-08,1.63,0.1299999999999999
880,2019-11-15,1.52,-0.10999999999999988
881,2019-11-22,1.53,0.010000000000000009
882,2019-11-29,1.5,-0.030000000000000027
883,2019-12-06,1.59,0.09000000000000008
884,2019-12-13,1.62,0.030000000000000027
885,2019-12-20,1.67,0.04999999999999982
886,2019-12-27,1.64,-0.030000000000000027
887,2020-01-03,1.69,0.050000000000000044
888,2020-01-10,1.67,-0.020000000000000018
889,2020-01-17,1.68,0.010000000000000009
890,2020-01-24,1.62,-0.05999999999999983
891,2020-01-31,1.6,-0.020000000000000018
892,2020-02-07,1.61,0.010000000000000009
893,2020-02-14,1.64,0.029999999999999805
894,2020-02-21,1.6,-0.039999999999999813
895,2020-02-28,1.33,-0.27
896,2020-03-06,1.14,-0.19000000000000017
897,2020-03-13,0.53,-0.6099999999999999
898,2020-03-20,0.31,-0.22000000000000003
899,2020-03-27,0.54,0.23000000000000004
900,2020-04-03,0.78,0.24
901,2020-04-10,0.9,0.12
902,2020-04-17,0.67,-0.22999999999999998
903,2020-04-24,0.72,0.04999999999999993
904,2020-05-01,0.68,-0.039999999999999925
905,2020-05-08,0.74,0.05999999999999994
906,2020-05-15,0.75,0.010000000000000009
907,2020-05-22,0.8,0.050000000000000044
908,2020-05-29,0.83,0.029999999999999916
909,2020-06-05,0.95,0.12
910,2020-06-12,0.95,0.0
911,2020-06-19,1.06,0.1100000000000001
912,2020-06-26,1.11,0.050000000000000044
913,2020-07-03,1.21,0.09999999999999987
914,2020-07-10,1.25,0.040000000000000036
915,2020-07-17,1.35,0.10000000000000009
916,2020-07-24,1.35,0.0
917,2020-07-31,1.4,0.04999999999999982
918,2020-08-07,1.5,0.10000000000000009
919,2020-08-14,1.53,0.030000000000000027
920,2020-08-21,1.52,-0.010000000000000009
921,2020-08-28,1.68,0.15999999999999992
922,2020-09-04,1.57,-0.10999999999999988
923,2020-09-11,1.53,-0.040000000000000036
924,2020-09-18,1.58,0.050000000000000044
925,2020-09-25,1.43,-0.15000000000000013
926,2020-10-02,1.48,0.050000000000000044
927,2020-10-09,1.56,0.08000000000000007
928,2020-10-16,1.53,-0.030000000000000027
929,2020-10-23,1.66,0.1299999999999999
930,2020-10-30,1.59,-0.06999999999999984
931,2020-11-06,1.54,-0.050000000000000044
932,2020-11-13,1.64,0.09999999999999987
933,2020-11-20,1.61,-0.029999999999999805
934,2020-11-27,1.67,0.05999999999999983
935,2020-12-04,1.83,0.16000000000000014
936,2020-12-11,1.82,-0.010000000000000009
937,2020-12-18,1.92,0.09999999999999987
938,2020-12-25,1.92,0.0
939,2021-01-01,1.95,0.030000000000000027
940,2021-01-08,2.07,0.11999999999999988
941,2021-01-15,2.09,0.020000000000000018
942,2021-01-22,2.16,0.07000000000000028
943,2021-01-29,2.21,0.04999999999999982
944,2021-02-05,2.28,0.06999999999999984
945,2021-02-12,2.35,0.07000000000000028
946,2021-02-19,2.29,-0.06000000000000005
947,2021-02-26,2.39,0.10000000000000009
948,2021-03-05,2.43,0.040000000000000036
949,2021-03-12,2.51,0.07999999999999963
950,2021-03-19,2.51,0.0
951,2021-03-26,2.57,0.06000000000000005
952,2021-04-02,2.58,0.010000000000000231
953,2021-04-09,2.51,-0.07000000000000028
954,2021-04-16,2.57,0.06000000000000005
955,2021-04-23,2.44,-0.1299999999999999
956,2021-04-30,2.57,0.1299999999999999
957,2021-05-07,2.65,0.08000000000000007
958,2021-05-14,2.68,0.03000000000000025
959,2021-05-21,2.62,-0.06000000000000005
960,2021-05-28,2.57,-0.050000000000000266
961,2021-06-04,2.54,-0.029999999999999805
962,2021-06-11,2.43,-0.10999999999999988
963,2021-06-18,2.37,-0.06000000000000005
964,2021-06-25,2.46,0.08999999999999986
965,2021-07-02,2.49,0.03000000000000025
966,2021-07-09,2.44,-0.050000000000000266
967,2021-07-16,2.52,0.08000000000000007
968,2021-07-23,2.53,0.009999999999999787
969,2021-07-30,2.56,0.03000000000000025
970,2021-08-06,2.5,-0.06000000000000005
971,2021-08-13,2.52,0.020000000000000018
972,2021-08-20,2.4,-0.1200000000000001
973,2021-08-27,2.53,0.1299999999999999
974,2021-09-03,2.48,-0.04999999999999982
975,2021-09-10,2.55,0.06999999999999984
976,2021-09-17,2.51,-0.040000000000000036
977,2021-09-24,2.47,-0.03999999999999959
978,2021-10-01,2.51,0.03999999999999959
979,2021-10-08,2.64,0.13000000000000034
980,2021-10-15,2.71,0.06999999999999984
981,2021-10-22,2.91,0.20000000000000018
982,2021-10-29,2.89,-0.020000000000000018
983,2021-11-05,2.87,-0.020000000000000018
984,2021-11-12,3.11,0.23999999999999977
985,2021-11-19,3.02,-0.08999999999999986
986,2021-11-26,2.92,-0.10000000000000009
987,2021-12-03,2.72,-0.19999999999999973
988,2021-12-10,2.76,0.03999999999999959
989,2021-12-17,2.65,-0.10999999999999988
990,2021-12-24,2.72,0.07000000000000028
991,2021-12-31,2.87,0.1499999999999999
992,2022-01-07,2.78,-0.0900000000000003
993,2022-01-14,2.79,0.010000000000000231
994,2022-01-21,2.7,-0.08999999999999986
995,2022-01-28,2.8,0.09999999999999964
996,2022-02-04,2.78,-0.020000000000000018
997,2022-02-11,2.82,0.040000000000000036
998,2022-02-18,2.86,0.040000000000000036
999,2022-02-25,3.02,0.16000000000000014
1000,2022-03-04,3.19,0.16999999999999993
1001,2022-03-11,3.52,0.33000000000000007
1002,2022-03-18,3.48,-0.040000000000000036
1003,2022-03-25,3.59,0.10999999999999988
1004,2022-04-01,3.28,-0.31000000000000005
1005,2022-04-08,3.33,0.050000000000000266
1006,2022-04-15,3.33,0.0
1007,2022-04-22,3.37,0.040000000000000036
1008,2022-04-29,3.3,-0.07000000000000028
1009,2022-05-06,3.22,-0.07999999999999963
1010,2022-05-13,3.03,-0.1900000000000004
1011,2022-05-20,2.88,-0.1499999999999999
1012,2022-05-27,2.95,0.07000000000000028
1013,2022-06-03,3.04,0.08999999999999986
1014,2022-06-10,3.13,0.08999999999999986
1015,2022-06-17,2.8,-0.33000000000000007
1016,2022-06-24,2.82,0.020000000000000018
1017,2022-07-01,2.6,-0.21999999999999975
1018,2022-07-08,2.62,0.020000000000000018
1019,2022-07-15,2.59,-0.03000000000000025
1020,2022-07-22,2.56,-0.029999999999999805
1021,2022-07-29,2.73,0.16999999999999993
1022,2022-08-05,2.64,-0.08999999999999986
1023,2022-08-12,2.67,0.029999999999999805
1024,2022-08-19,2.72,0.050000000000000266
1025,2022-08-26,2.73,0.009999999999999787
1026,2022-09-02,2.55,-0.18000000000000016
1027,2022-09-09,2.51,-0.040000000000000036
1028,2022-09-16,2.49,-0.019999999999999574
1029,2022-09-23,2.38,-0.11000000000000032
1030,2022-09-30,2.14,-0.23999999999999977
1031,2022-10-07,2.36,0.21999999999999975
1032,2022-10-14,2.44,0.08000000000000007
1033,2022-10-21,2.69,0.25
1034,2022-10-28,2.62,-0.06999999999999984
1035,2022-11-04,2.61,-0.010000000000000231
1036,2022-11-11,2.47,-0.13999999999999968
1037,2022-11-18,2.28,-0.1900000000000004
1038,2022-11-25,2.34,0.06000000000000005
1039,2022-12-02,2.51,0.16999999999999993
1040,2022-12-09,2.3,-0.20999999999999996
1041,2022-12-16,2.14,-0.1599999999999997
1042,2022-12-23,2.29,0.1499999999999999
1043,2022-12-30,2.33,0.040000000000000036
1044,2023-01-06,2.18,-0.1499999999999999
1045,2023-01-13,2.2,0.020000000000000018
1046,2023-01-20,2.23,0.029999999999999805
1047,2023-01-27,2.33,0.10000000000000009
1048,2023-02-03,2.27,-0.06000000000000005
1049,2023-02-10,2.47,0.20000000000000018
1050,2023-02-17,2.5,0.029999999999999805
1051,2023-02-24,2.47,-0.029999999999999805
1052,2023-03-03,2.71,0.23999999999999977
1053,2023-03-10,2.34,-0.3700000000000001
1054,2023-03-17,2.1,-0.23999999999999977
1055,2023-03-24,2.21,0.10999999999999988
1056,2023-03-31,2.4,0.18999999999999995
1057,2023-04-07,2.33,-0.06999999999999984
1058,2023-04-14,2.31,-0.020000000000000018
1059,2023-04-21,2.3,-0.010000000000000231
1060,2023-04-28,2.2,-0.09999999999999964
1061,2023-05-05,2.19,-0.010000000000000231
1062,2023-05-12,2.11,-0.08000000000000007
1063,2023-05-19,2.19,0.08000000000000007
1064,2023-05-26,2.13,-0.06000000000000005
1065,2023-06-02,2.13,0.0
1066,2023-06-09,2.13,0.0
1067,2023-06-16,2.17,0.040000000000000036
1068,2023-06-23,2.16,-0.009999999999999787
1069,2023-06-30,2.18,0.020000000000000018
1070,2023-07-07,2.22,0.040000000000000036
1071,2023-07-14,2.15,-0.07000000000000028
1072,2023-07-21,2.23,0.08000000000000007
1073,2023-07-28,2.28,0.04999999999999982
1074,2023-08-04,2.26,-0.020000000000000018
1075,2023-08-11,2.3,0.040000000000000036
1076,2023-08-18,2.22,-0.07999999999999963
1077,2023-08-25,2.25,0.029999999999999805
1078,2023-09-01,2.17,-0.08000000000000007
1079,2023-09-08,2.26,0.08999999999999986
1080,2023-09-15,2.27,0.010000000000000231
1081,2023-09-22,2.29,0.020000000000000018
1082,2023-09-29,2.22,-0.06999999999999984
1083,2023-10-06,2.17,-0.050000000000000266
1084,2023-10-13,2.26,0.08999999999999986
1085,2023-10-20,2.47,0.2100000000000004
1086,2023-10-27,2.39,-0.08000000000000007
1087,2023-11-03,2.32,-0.07000000000000028
1088,2023-11-10,2.28,-0.040000000000000036
1089,2023-11-17,2.23,-0.04999999999999982
1090,2023-11-24,2.21,-0.020000000000000018
1091,2023-12-01,2.12,-0.08999999999999986
1092,2023-12-08,2.11,-0.010000000000000231
1093,2023-12-15,2.17,0.06000000000000005
1094,2023-12-22,2.16,-0.009999999999999787
1095,2023-12-29,2.12,-0.040000000000000036
1096,2024-01-05,2.19,0.06999999999999984
1097,2024-01-12,2.22,0.03000000000000025
1098,2024-01-19,2.3,0.07999999999999963
1099,2024-01-26,2.26,-0.040000000000000036
1100,2024-02-02,2.19,-0.06999999999999984
1101,2024-02-09,2.28,0.08999999999999986
1102,2024-02-16,2.38,0.10000000000000009
1103,2024-02-23,2.34,-0.040000000000000036
1104,2024-03-01,2.4,0.06000000000000005
1105,2024-03-08,2.34,-0.06000000000000005
1106,2024-03-15,2.39,0.050000000000000266
1107,2024-03-22,2.41,0.020000000000000018
1108,2024-03-29,2.38,-0.03000000000000025
1109,2024-04-05,2.45,0.07000000000000028
1110,2024-04-12,2.47,0.020000000000000018
1111,2024-04-19,2.44,-0.03000000000000025
1112,2024-04-26,2.44,0.0
1113,2024-05-03,2.35,-0.08999999999999986
1114,2024-05-10,2.34,-0.010000000000000231
1115,2024-05-17,2.32,-0.020000000000000018
1116,2024-05-24,2.33,0.010000000000000231
1117,2024-05-31,2.34,0.009999999999999787
1118,2024-06-07,2.28,-0.06000000000000005
1119,2024-06-14,2.11,-0.16999999999999993
1120,2024-06-21,2.19,0.08000000000000007
1121,2024-06-28,2.24,0.050000000000000266
1122,2024-07-05,2.22,-0.020000000000000018
1123,2024-07-12,2.15,-0.07000000000000028
1124,2024-07-19,2.18,0.03000000000000025
1125,2024-07-26,2.13,-0.050000000000000266
1126,2024-08-02,1.89,-0.24
1127,2024-08-09,1.96,0.07000000000000006
1128,2024-08-16,1.97,0.010000000000000009
1129,2024-08-23,2.01,0.039999999999999813
1130,2024-08-30,2.01,0.0
1131,2024-09-06,1.86,-0.1499999999999997
1132,2024-09-13,1.95,0.08999999999999986
1133,2024-09-20,2.02,0.07000000000000006
1134,2024-09-27,2.03,0.009999999999999787
1135,2024-10-04,2.14,0.11000000000000032
1136,2024-10-11,2.25,0.10999999999999988
1137,2024-10-18,2.23,-0.020000000000000018
1138,2024-10-25,2.32,0.08999999999999986
1139,2024-11-01,2.37,0.050000000000000266
1140,2024-11-08,2.43,0.06000000000000005
1141,2024-11-15,2.39,-0.040000000000000036
1142,2024-11-22,2.43,0.040000000000000036
1143,2024-11-29,2.33,-0.10000000000000009
1144,2024-12-06,2.31,-0.020000000000000018
1145,2024-12-13,2.4,0.08999999999999986
1146,2024-12-20,2.34,-0.06000000000000005
1147,2024-12-27,2.38,0.040000000000000036
1148,2025-01-03,2.4,0.020000000000000018
1149,2025-01-10,2.51,0.10999999999999988
1150,2025-01-17,2.52,0.010000000000000231
1151,2025-01-24,2.52,0.0
1152,2025-01-31,2.54,0.020000000000000018
1153,2025-02-07,2.59,0.04999999999999982
1154,2025-02-14,2.62,0.03000000000000025
1155,2025-02-21,2.61,-0.010000000000000231
1156,2025-02-28,2.58,-0.029999999999999805
1157,2025-03-07,2.52,-0.06000000000000005
1158,2025-03-14,2.48,-0.040000000000000036
1159,2025-03-21,2.51,0.029999999999999805
1160,2025-03-28,2.58,0.07000000000000028
1161,2025-04-04,2.34,-0.2400000000000002
1162,2025-04-11,2.33,-0.009999999999999787
1163,2025-04-18,2.26,-0.07000000000000028
1164,2025-04-25,2.32,0.06000000000000005
1165,2025-05-02,2.31,-0.009999999999999787
1166,2025-05-09,2.39,0.08000000000000007
1167,2025-05-16,2.42,0.029999999999999805
1168,2025-05-23,2.4,-0.020000000000000018
1169,2025-05-30,2.39,-0.009999999999999787
1170,2025-06-06,2.35,-0.040000000000000036
1171,2025-06-13,2.31,-0.040000000000000036
1172,2025-06-20,2.37,0.06000000000000005
1173,2025-06-27,2.31,-0.06000000000000005
1174,2025-07-04,2.37,0.06000000000000005
1175,2025-07-11,2.44,0.06999999999999984
1176,2025-07-18,2.5,0.06000000000000005
1177,2025-07-25,2.47,-0.029999999999999805
1178,2025-08-01,2.38,-0.0900000000000003
1179,2025-08-08,2.46,0.08000000000000007
1180,2025-08-15,2.42,-0.040000000000000036
1181,2025-08-22,2.48,0.06000000000000005
1182,2025-08-29,2.47,-0.009999999999999787
1183,2025-09-05,2.42,-0.050000000000000266
1184,2025-09-12,2.42,0.0
1185,2025-09-19,2.43,0.010000000000000231
1186,2025-09-26,2.42,-0.010000000000000231
1187,2025-10-03,2.38,-0.040000000000000036
1188,2025-10-10,2.35,-0.029999999999999805
1189,2025-10-17,2.29,-0.06000000000000005
1190,2025-10-24,2.4,0.10999999999999988
1191,2025-10-31,2.4,0.0
1192,2025-11-07,2.36,-0.040000000000000036
1193,2025-11-14,2.38,0.020000000000000018
1194,2025-11-21,2.32,-0.06000000000000005
1195,2025-11-28,2.29,-0.029999999999999805
1196,2025-12-05,2.34,0.04999999999999982
1197,2025-12-12,2.32,-0.020000000000000018
1198,2025-12-19,2.27,-0.04999999999999982
1199,2025-12-26,2.22,-0.04999999999999982
1200,2026-01-02,2.28,0.05999999999999961
1201,2026-01-09,2.32,0.040000000000000036
1202,2026-01-16,2.39,0.07000000000000028
1203,2026-01-23,2.46,0.06999999999999984
1204,2026-01-30,2.53,0.06999999999999984
1205,2026-02-06,2.5,-0.029999999999999805
1206,2026-02-13,2.42,-0.08000000000000007
1207,2026-02-20,2.43,0.010000000000000231
1208,2026-02-27,2.4,-0.03000000000000025
1209,2026-03-06,2.56,0.16000000000000014
1210,2026-03-13,2.61,0.04999999999999982
1211,2026-03-20,2.63,0.020000000000000018
1212,2026-03-27,2.56,-0.06999999999999984
1213,2026-04-03,2.61,0.04999999999999982
1214,2026-04-10,2.58,-0.029999999999999805
