,Date,MOVE,d_MOVE
0,2016-04-15,66.48999786376953,
1,2016-04-22,67.77999877929688,1.2900009155273438
2,2016-04-29,64.91999816894531,-2.8600006103515625
3,2016-05-06,65.1500015258789,0.23000335693359375
4,2016-05-13,64.06999969482422,-1.0800018310546875
5,2016-05-20,68.51000213623047,4.44000244140625
6,2016-05-27,66.76000213623047,-1.75
7,2016-06-03,67.58999633789062,0.8299942016601562
8,2016-06-10,75.0999984741211,7.510002136230469
9,2016-06-17,82.58000183105469,7.480003356933594
10,2016-06-24,77.94000244140625,-4.6399993896484375
11,2016-07-01,74.3499984741211,-3.5900039672851562
12,2016-07-08,72.30999755859375,-2.0400009155273438
13,2016-07-15,74.7699966430664,2.4599990844726562
14,2016-07-22,69.91000366210938,-4.859992980957031
15,2016-07-29,64.1500015258789,-5.760002136230469
16,2016-08-05,66.58999633789062,2.4399948120117188
17,2016-08-12,64.37000274658203,-2.2199935913085938
18,2016-08-19,64.81999969482422,0.4499969482421875
19,2016-08-26,71.23999786376953,6.4199981689453125
20,2016-09-02,66.45999908447266,-4.779998779296875
21,2016-09-09,69.12000274658203,2.660003662109375
22,2016-09-16,69.20999908447266,0.089996337890625
23,2016-09-23,59.75,-9.459999084472656
24,2016-09-30,60.560001373291016,0.8100013732910156
25,2016-10-07,62.84000015258789,2.279998779296875
26,2016-10-14,64.9800033569336,2.140003204345703
27,2016-10-21,57.09000015258789,-7.890003204345703
28,2016-10-28,64.37999725341797,7.289997100830078
29,2016-11-04,74.61000061035156,10.230003356933594
30,2016-11-11,82.56999969482422,7.959999084472656
31,2016-11-18,81.6500015258789,-0.9199981689453125
32,2016-11-25,79.69000244140625,-1.9599990844726562
33,2016-12-02,82.05999755859375,2.3699951171875
34,2016-12-09,75.55000305175781,-6.5099945068359375
35,2016-12-16,78.22000122070312,2.6699981689453125
36,2016-12-23,72.56999969482422,-5.650001525878906
37,2016-12-30,71.62999725341797,-0.94000244140625
38,2017-01-06,75.23999786376953,3.6100006103515625
39,2017-01-13,74.5,-0.7399978637695312
40,2017-01-20,76.70999908447266,2.2099990844726562
41,2017-01-27,72.19000244140625,-4.519996643066406
42,2017-02-03,67.38999938964844,-4.8000030517578125
43,2017-02-10,69.62999725341797,2.2399978637695312
44,2017-02-17,69.77999877929688,0.15000152587890625
45,2017-02-24,69.8499984741211,0.06999969482421875
46,2017-03-03,65.79000091552734,-4.05999755859375
47,2017-03-10,67.69999694824219,1.9099960327148438
48,2017-03-17,60.720001220703125,-6.9799957275390625
49,2017-03-24,64.44999694824219,3.7299957275390625
50,2017-03-31,60.70000076293945,-3.7499961853027344
51,2017-04-07,68.66000366210938,7.960002899169922
52,2017-04-14,74.4800033569336,5.819999694824219
53,2017-04-21,77.1500015258789,2.6699981689453125
54,2017-04-28,60.189998626708984,-16.960002899169922
55,2017-05-05,58.720001220703125,-1.4699974060058594
56,2017-05-12,55.709999084472656,-3.0100021362304688
57,2017-05-19,57.81999969482422,2.1100006103515625
58,2017-05-26,54.04999923706055,-3.770000457763672
59,2017-06-02,53.7400016784668,-0.30999755859375
60,2017-06-09,52.560001373291016,-1.1800003051757812
61,2017-06-16,51.47999954223633,-1.0800018310546875
62,2017-06-23,51.15999984741211,-0.31999969482421875
63,2017-06-30,55.220001220703125,4.060001373291016
64,2017-07-07,55.7599983215332,0.5399971008300781
65,2017-07-14,51.029998779296875,-4.729999542236328
66,2017-07-21,47.45000076293945,-3.579998016357422
67,2017-07-28,48.529998779296875,1.0799980163574219
68,2017-08-04,47.279998779296875,-1.25
69,2017-08-11,52.060001373291016,4.780002593994141
70,2017-08-18,50.15999984741211,-1.9000015258789062
71,2017-08-25,50.560001373291016,0.40000152587890625
72,2017-09-01,49.439998626708984,-1.1200027465820312
73,2017-09-08,54.0099983215332,4.569999694824219
74,2017-09-15,50.630001068115234,-3.3799972534179688
75,2017-09-22,50.52000045776367,-0.1100006103515625
76,2017-09-29,52.880001068115234,2.3600006103515625
77,2017-10-06,54.97999954223633,2.0999984741210938
78,2017-10-13,50.849998474121094,-4.130001068115234
79,2017-10-20,53.97999954223633,3.1300010681152344
80,2017-10-27,54.66999816894531,0.6899986267089844
81,2017-11-03,45.83000183105469,-8.839996337890625
82,2017-11-10,47.290000915527344,1.4599990844726562
83,2017-11-17,49.09000015258789,1.7999992370605469
84,2017-11-24,46.15999984741211,-2.9300003051757812
85,2017-12-01,50.16999816894531,4.009998321533203
86,2017-12-08,47.4900016784668,-2.6799964904785156
87,2017-12-15,46.43000030517578,-1.0600013732910156
88,2017-12-22,50.380001068115234,3.950000762939453
89,2017-12-29,46.599998474121094,-3.7800025939941406
90,2018-01-05,46.06999969482422,-0.529998779296875
91,2018-01-12,47.61000061035156,1.5400009155273438
92,2018-01-19,48.54999923706055,0.9399986267089844
93,2018-01-26,55.630001068115234,7.0800018310546875
94,2018-02-02,60.33000183105469,4.700000762939453
95,2018-02-09,67.8499984741211,7.519996643066406
96,2018-02-16,63.029998779296875,-4.819999694824219
97,2018-02-23,64.5999984741211,1.5699996948242188
98,2018-03-02,65.30000305175781,0.7000045776367188
99,2018-03-09,58.970001220703125,-6.3300018310546875
100,2018-03-16,59.0099983215332,0.039997100830078125
101,2018-03-23,56.16999816894531,-2.8400001525878906
102,2018-03-30,58.540000915527344,2.3700027465820312
103,2018-04-06,56.06999969482422,-2.470001220703125
104,2018-04-13,51.13999938964844,-4.930000305175781
105,2018-04-20,52.709999084472656,1.5699996948242188
106,2018-04-27,51.27000045776367,-1.4399986267089844
107,2018-05-04,49.43000030517578,-1.8400001525878906
108,2018-05-11,47.060001373291016,-2.3699989318847656
109,2018-05-18,53.2599983215332,6.1999969482421875
110,2018-05-25,54.099998474121094,0.8400001525878906
111,2018-06-01,56.939998626708984,2.8400001525878906
112,2018-06-08,59.56999969482422,2.6300010681152344
113,2018-06-15,53.08000183105469,-6.489997863769531
114,2018-06-22,53.029998779296875,-0.0500030517578125
115,2018-06-29,51.16999816894531,-1.8600006103515625
116,2018-07-06,50.130001068115234,-1.0399971008300781
117,2018-07-13,48.279998779296875,-1.8500022888183594
118,2018-07-20,49.04999923706055,0.7700004577636719
119,2018-07-27,48.83000183105469,-0.21999740600585938
120,2018-08-03,47.66999816894531,-1.160003662109375
121,2018-08-10,50.630001068115234,2.960002899169922
122,2018-08-17,50.689998626708984,0.05999755859375
123,2018-08-24,49.15999984741211,-1.529998779296875
124,2018-08-31,50.709999084472656,1.5499992370605469
125,2018-09-07,49.43000030517578,-1.279998779296875
126,2018-09-14,47.45000076293945,-1.9799995422363281
127,2018-09-21,48.83000183105469,1.3800010681152344
128,2018-09-28,46.15999984741211,-2.670001983642578
129,2018-10-05,55.189998626708984,9.029998779296875
130,2018-10-12,54.369998931884766,-0.8199996948242188
131,2018-10-19,52.040000915527344,-2.329998016357422
132,2018-10-26,62.70000076293945,10.65999984741211
133,2018-11-02,61.41999816894531,-1.2800025939941406
134,2018-11-09,53.540000915527344,-7.879997253417969
135,2018-11-16,60.43000030517578,6.8899993896484375
136,2018-11-23,57.310001373291016,-3.1199989318847656
137,2018-11-30,52.43000030517578,-4.880001068115234
138,2018-12-07,60.7400016784668,8.310001373291016
139,2018-12-14,56.130001068115234,-4.6100006103515625
140,2018-12-21,61.61000061035156,5.479999542236328
141,2018-12-28,66.66000366210938,5.0500030517578125
142,2019-01-04,65.81999969482422,-0.8400039672851562
143,2019-01-11,55.939998626708984,-9.880001068115234
144,2019-01-18,53.779998779296875,-2.1599998474121094
145,2019-01-25,52.5,-1.279998779296875
146,2019-02-01,48.790000915527344,-3.7099990844726562
147,2019-02-08,49.630001068115234,0.8400001525878906
148,2019-02-15,45.72999954223633,-3.9000015258789062
149,2019-02-22,47.220001220703125,1.4900016784667969
150,2019-03-01,47.900001525878906,0.6800003051757812
151,2019-03-08,45.83000183105469,-2.0699996948242188
152,2019-03-15,46.04999923706055,0.21999740600585938
153,2019-03-22,52.2599983215332,6.209999084472656
154,2019-03-29,58.54999923706055,6.290000915527344
155,2019-04-05,49.220001220703125,-9.329998016357422
156,2019-04-12,48.84000015258789,-0.3800010681152344
157,2019-04-19,49.22999954223633,0.3899993896484375
158,2019-04-26,49.43000030517578,0.20000076293945312
159,2019-05-03,45.779998779296875,-3.6500015258789062
160,2019-05-10,53.4900016784668,7.710002899169922
161,2019-05-17,56.970001220703125,3.479999542236328
162,2019-05-24,60.540000915527344,3.5699996948242188
163,2019-05-31,72.68000030517578,12.139999389648438
164,2019-06-07,68.69000244140625,-3.9899978637695312
165,2019-06-14,80.81999969482422,12.129997253417969
166,2019-06-21,74.62999725341797,-6.19000244140625
167,2019-06-28,70.43000030517578,-4.1999969482421875
168,2019-07-05,65.27999877929688,-5.150001525878906
169,2019-07-12,62.779998779296875,-2.5
170,2019-07-19,63.86000061035156,1.0800018310546875
171,2019-07-26,58.900001525878906,-4.959999084472656
172,2019-08-02,66.11000061035156,7.209999084472656
173,2019-08-09,78.97000122070312,12.860000610351562
174,2019-08-16,89.5199966430664,10.549995422363281
175,2019-08-23,91.81999969482422,2.3000030517578125
176,2019-08-30,86.88999938964844,-4.930000305175781
177,2019-09-06,78.81999969482422,-8.069999694824219
178,2019-09-13,85.52999877929688,6.709999084472656
179,2019-09-20,80.06999969482422,-5.459999084472656
180,2019-09-27,79.97000122070312,-0.09999847412109375
181,2019-10-04,83.1500015258789,3.1800003051757812
182,2019-10-11,79.86000061035156,-3.2900009155273438
183,2019-10-18,78.3499984741211,-1.5100021362304688
184,2019-10-25,67.06999969482422,-11.279998779296875
185,2019-11-01,57.279998779296875,-9.790000915527344
186,2019-11-08,64.44000244140625,7.160003662109375
187,2019-11-15,61.70000076293945,-2.740001678466797
188,2019-11-22,62.16999816894531,0.4699974060058594
189,2019-11-29,56.56999969482422,-5.599998474121094
190,2019-12-06,64.06999969482422,7.5
191,2019-12-13,56.439998626708984,-7.630001068115234
192,2019-12-20,54.189998626708984,-2.25
193,2019-12-27,55.29999923706055,1.1100006103515625
194,2020-01-03,60.119998931884766,4.819999694824219
195,2020-01-10,53.31999969482422,-6.799999237060547
196,2020-01-17,49.66999816894531,-3.6500015258789062
197,2020-01-24,59.939998626708984,10.270000457763672
198,2020-01-31,72.9800033569336,13.04000473022461
199,2020-02-07,65.58999633789062,-7.390007019042969
200,2020-02-14,62.380001068115234,-3.2099952697753906
201,2020-02-21,74.54000091552734,12.15999984741211
202,2020-02-28,109.66999816894531,35.12999725341797
203,2020-03-06,125.20999908447266,15.540000915527344
204,2020-03-13,138.39999389648438,13.189994812011719
205,2020-03-20,133.3699951171875,-5.029998779296875
206,2020-03-27,88.33000183105469,-45.03999328613281
207,2020-04-03,65.01000213623047,-23.31999969482422
208,2020-04-10,74.38999938964844,9.379997253417969
209,2020-04-17,69.83999633789062,-4.5500030517578125
210,2020-04-24,66.08999633789062,-3.75
211,2020-05-01,48.11000061035156,-17.979995727539062
212,2020-05-08,57.400001525878906,9.290000915527344
213,2020-05-15,56.529998779296875,-0.8700027465820312
214,2020-05-22,51.66999816894531,-4.8600006103515625
215,2020-05-29,51.54999923706055,-0.11999893188476562
216,2020-06-05,61.970001220703125,10.420001983642578
217,2020-06-12,55.810001373291016,-6.159999847412109
218,2020-06-19,53.45000076293945,-2.3600006103515625
219,2020-06-26,51.209999084472656,-2.240001678466797
220,2020-07-03,50.959999084472656,-0.25
221,2020-07-10,49.189998626708984,-1.7700004577636719
222,2020-07-17,45.68000030517578,-3.509998321533203
223,2020-07-24,42.47999954223633,-3.200000762939453
224,2020-07-31,41.97999954223633,-0.5
225,2020-08-07,41.459999084472656,-0.5200004577636719
226,2020-08-14,43.09000015258789,1.6300010681152344
227,2020-08-21,45.13999938964844,2.049999237060547
228,2020-08-28,48.189998626708984,3.049999237060547
229,2020-09-04,47.040000915527344,-1.1499977111816406
230,2020-09-11,43.119998931884766,-3.920001983642578
231,2020-09-18,37.2400016784668,-5.879997253417969
232,2020-09-25,36.970001220703125,-0.2700004577636719
233,2020-10-02,39.970001220703125,3.0
234,2020-10-09,57.52000045776367,17.549999237060547
235,2020-10-16,57.25,-0.2700004577636719
236,2020-10-23,58.459999084472656,1.2099990844726562
237,2020-10-30,61.90999984741211,3.450000762939453
238,2020-11-06,39.880001068115234,-22.029998779296875
239,2020-11-13,42.95000076293945,3.0699996948242188
240,2020-11-20,42.310001373291016,-0.6399993896484375
241,2020-11-27,39.63999938964844,-2.670001983642578
242,2020-12-04,43.88999938964844,4.25
243,2020-12-11,47.52000045776367,3.6300010681152344
244,2020-12-18,44.63999938964844,-2.8800010681152344
245,2020-12-25,42.11000061035156,-2.529998779296875
246,2021-01-01,48.97999954223633,6.869998931884766
247,2021-01-08,44.810001373291016,-4.1699981689453125
248,2021-01-15,45.13999938964844,0.3299980163574219
249,2021-01-22,43.09000015258789,-2.049999237060547
250,2021-01-29,47.40999984741211,4.319999694824219
251,2021-02-05,47.20000076293945,-0.20999908447265625
252,2021-02-12,47.0099983215332,-0.19000244140625
253,2021-02-19,60.43000030517578,13.420001983642578
254,2021-02-26,75.66000366210938,15.230003356933594
255,2021-03-05,69.37000274658203,-6.290000915527344
256,2021-03-12,70.83000183105469,1.4599990844726562
257,2021-03-19,68.80000305175781,-2.029998779296875
258,2021-03-26,61.4900016784668,-7.310001373291016
259,2021-04-02,64.98999786376953,3.4999961853027344
260,2021-04-09,61.209999084472656,-3.779998779296875
261,2021-04-16,62.56999969482422,1.3600006103515625
262,2021-04-23,59.97999954223633,-2.5900001525878906
263,2021-04-30,58.130001068115234,-1.8499984741210938
264,2021-05-07,54.130001068115234,-4.0
265,2021-05-14,54.9900016784668,0.8600006103515625
266,2021-05-21,54.59000015258789,-0.40000152587890625
267,2021-05-28,52.040000915527344,-2.549999237060547
268,2021-06-04,49.779998779296875,-2.2600021362304688
269,2021-06-11,50.849998474121094,1.0699996948242188
270,2021-06-18,60.45000076293945,9.60000228881836
271,2021-06-25,55.58000183105469,-4.869998931884766
272,2021-07-02,52.40999984741211,-3.170001983642578
273,2021-07-09,59.91999816894531,7.509998321533203
274,2021-07-16,58.2400016784668,-1.6799964904785156
275,2021-07-23,65.27999877929688,7.039997100830078
276,2021-07-30,61.189998626708984,-4.090000152587891
277,2021-08-06,62.63999938964844,1.4500007629394531
278,2021-08-13,55.45000076293945,-7.189998626708984
279,2021-08-20,59.95000076293945,4.5
280,2021-08-27,57.97999954223633,-1.970001220703125
281,2021-09-03,53.2599983215332,-4.720001220703125
282,2021-09-10,51.72999954223633,-1.529998779296875
283,2021-09-17,56.060001373291016,4.3300018310546875
284,2021-09-24,58.459999084472656,2.3999977111816406
285,2021-10-01,57.380001068115234,-1.0799980163574219
286,2021-10-08,59.650001525878906,2.270000457763672
287,2021-10-15,62.70000076293945,3.049999237060547
288,2021-10-22,72.04000091552734,9.34000015258789
289,2021-10-29,75.44999694824219,3.4099960327148438
290,2021-11-05,66.9000015258789,-8.549995422363281
291,2021-11-12,78.61000061035156,11.709999084472656
292,2021-11-19,73.38999938964844,-5.220001220703125
293,2021-11-26,89.44999694824219,16.05999755859375
294,2021-12-03,79.13999938964844,-10.30999755859375
295,2021-12-10,74.36000061035156,-4.779998779296875
296,2021-12-17,72.45999908447266,-1.9000015258789062
297,2021-12-24,77.29000091552734,4.8300018310546875
298,2021-12-31,77.0999984741211,-0.19000244140625
299,2022-01-07,74.69000244140625,-2.4099960327148438
300,2022-01-14,76.58999633789062,1.899993896484375
301,2022-01-21,81.02999877929688,4.44000244140625
302,2022-01-28,85.29000091552734,4.260002136230469
303,2022-02-04,87.68000030517578,2.3899993896484375
304,2022-02-11,94.02999877929688,6.349998474121094
305,2022-02-18,94.36000061035156,0.3300018310546875
306,2022-02-25,93.33999633789062,-1.0200042724609375
307,2022-03-04,131.82000732421875,38.480010986328125
308,2022-03-11,99.02999877929688,-32.790008544921875
309,2022-03-18,91.7699966430664,-7.260002136230469
310,2022-03-25,125.2699966430664,33.5
311,2022-04-01,108.33999633789062,-16.93000030517578
312,2022-04-08,124.86000061035156,16.520004272460938
313,2022-04-15,119.66000366210938,-5.1999969482421875
314,2022-04-22,128.1199951171875,8.459991455078125
315,2022-04-29,128.39999389648438,0.279998779296875
316,2022-05-06,121.41999816894531,-6.9799957275390625
317,2022-05-13,114.61000061035156,-6.80999755859375
318,2022-05-20,111.0999984741211,-3.5100021362304688
319,2022-05-27,98.4800033569336,-12.6199951171875
320,2022-06-03,97.7300033569336,-0.75
321,2022-06-10,114.2300033569336,16.5
322,2022-06-17,133.75,19.519996643066406
323,2022-06-24,127.0,-6.75
324,2022-07-01,144.1699981689453,17.169998168945312
325,2022-07-08,145.25,1.0800018310546875
326,2022-07-15,129.85000610351562,-15.399993896484375
327,2022-07-22,123.69999694824219,-6.1500091552734375
328,2022-07-29,116.36000061035156,-7.339996337890625
329,2022-08-05,122.58000183105469,6.220001220703125
330,2022-08-12,106.27999877929688,-16.300003051757812
331,2022-08-19,123.80999755859375,17.529998779296875
332,2022-08-26,122.94999694824219,-0.8600006103515625
333,2022-09-02,120.72000122070312,-2.2299957275390625
334,2022-09-09,121.54000091552734,0.8199996948242188
335,2022-09-16,124.94999694824219,3.4099960327148438
336,2022-09-23,137.27999877929688,12.330001831054688
337,2022-09-30,141.88999938964844,4.6100006103515625
338,2022-10-07,148.4600067138672,6.57000732421875
339,2022-10-14,152.88999938964844,4.42999267578125
340,2022-10-21,156.9499969482422,4.05999755859375
341,2022-10-28,144.60000610351562,-12.349990844726562
342,2022-11-04,128.44000244140625,-16.160003662109375
343,2022-11-11,111.69000244140625,-16.75
344,2022-11-18,129.3300018310547,17.639999389648438
345,2022-11-25,129.60000610351562,0.2700042724609375
346,2022-12-02,118.62000274658203,-10.980003356933594
347,2022-12-09,132.7899932861328,14.169990539550781
348,2022-12-16,113.6500015258789,-19.139991760253906
349,2022-12-23,113.16999816894531,-0.48000335693359375
350,2022-12-30,121.61000061035156,8.44000244140625
351,2023-01-06,113.87000274658203,-7.739997863769531
352,2023-01-13,113.55000305175781,-0.31999969482421875
353,2023-01-20,114.76000213623047,1.2099990844726562
354,2023-01-27,100.69999694824219,-14.060005187988281
355,2023-02-03,98.98999786376953,-1.7099990844726562
356,2023-02-10,109.62999725341797,10.639999389648438
357,2023-02-17,110.11000061035156,0.48000335693359375
358,2023-02-24,122.83999633789062,12.729995727539062
359,2023-03-03,122.5199966430664,-0.31999969482421875
360,2023-03-10,140.05999755859375,17.540000915527344
361,2023-03-17,180.11000061035156,40.05000305175781
362,2023-03-24,173.66000366210938,-6.4499969482421875
363,2023-03-31,135.92999267578125,-37.730010986328125
364,2023-04-07,147.72999572753906,11.800003051757812
365,2023-04-14,118.83999633789062,-28.889999389648438
366,2023-04-21,120.83999633789062,2.0
367,2023-04-28,122.45999908447266,1.6200027465820312
368,2023-05-05,130.2100067138672,7.750007629394531
369,2023-05-12,120.5199966430664,-9.690010070800781
370,2023-05-19,127.51000213623047,6.9900054931640625
371,2023-05-26,145.3699951171875,17.85999298095703
372,2023-06-02,120.94999694824219,-24.419998168945312
373,2023-06-09,115.7699966430664,-5.180000305175781
374,2023-06-16,104.43000030517578,-11.339996337890625
375,2023-06-23,105.73999786376953,1.30999755859375
376,2023-06-30,110.63999938964844,4.900001525878906
377,2023-07-07,130.41000366210938,19.770004272460938
378,2023-07-14,112.4800033569336,-17.93000030517578
379,2023-07-21,106.66000366210938,-5.819999694824219
380,2023-07-28,109.76000213623047,3.0999984741210938
381,2023-08-04,115.91000366210938,6.150001525878906
382,2023-08-11,112.12999725341797,-3.7800064086914062
383,2023-08-18,120.51000213623047,8.3800048828125
384,2023-08-25,110.37000274658203,-10.139999389648438
385,2023-09-01,102.91999816894531,-7.450004577636719
386,2023-09-08,104.33999633789062,1.4199981689453125
387,2023-09-15,96.61000061035156,-7.7299957275390625
388,2023-09-22,101.11000061035156,4.5
389,2023-09-29,113.55000305175781,12.44000244140625
390,2023-10-06,126.63999938964844,13.089996337890625
391,2023-10-13,128.3300018310547,1.69000244140625
392,2023-10-20,135.4499969482422,7.1199951171875
393,2023-10-27,129.16000366210938,-6.2899932861328125
394,2023-11-03,118.73999786376953,-10.420005798339844
395,2023-11-10,116.79000091552734,-1.9499969482421875
396,2023-11-17,113.11000061035156,-3.6800003051757812
397,2023-11-24,107.43000030517578,-5.680000305175781
398,2023-12-01,111.51000213623047,4.0800018310546875
399,2023-12-08,121.6500015258789,10.139999389648438
400,2023-12-15,115.75,-5.900001525878906
401,2023-12-22,111.37999725341797,-4.370002746582031
402,2023-12-29,114.62000274658203,3.2400054931640625
403,2024-01-05,116.19000244140625,1.5699996948242188
404,2024-01-12,106.51000213623047,-9.680000305175781
405,2024-01-19,104.97000122070312,-1.5400009155273438
406,2024-01-26,100.2300033569336,-4.739997863769531
407,2024-02-02,106.72000122070312,6.489997863769531
408,2024-02-09,106.20999908447266,-0.5100021362304688
409,2024-02-16,109.19999694824219,2.9899978637695312
410,2024-02-23,108.30999755859375,-0.8899993896484375
411,2024-03-01,106.4800033569336,-1.8299942016601562
412,2024-03-08,100.87999725341797,-5.600006103515625
413,2024-03-15,97.81999969482422,-3.05999755859375
414,2024-03-22,91.04000091552734,-6.779998779296875
415,2024-03-29,86.37999725341797,-4.660003662109375
416,2024-04-05,94.30999755859375,7.930000305175781
417,2024-04-12,112.81999969482422,18.51000213623047
418,2024-04-19,111.26000213623047,-1.55999755859375
419,2024-04-26,104.4000015258789,-6.8600006103515625
420,2024-05-03,95.95999908447266,-8.44000244140625
421,2024-05-10,94.2300033569336,-1.7299957275390625
422,2024-05-17,89.3499984741211,-4.8800048828125
423,2024-05-24,83.56999969482422,-5.779998779296875
424,2024-05-31,91.13999938964844,7.569999694824219
425,2024-06-07,91.81999969482422,0.6800003051757812
426,2024-06-14,100.16000366210938,8.340003967285156
427,2024-06-21,94.08999633789062,-6.07000732421875
428,2024-06-28,98.58999633789062,4.5
429,2024-07-05,98.77999877929688,0.19000244140625
430,2024-07-12,86.79000091552734,-11.989997863769531
431,2024-07-19,94.29000091552734,7.5
432,2024-07-26,97.76000213623047,3.470001220703125
433,2024-08-02,112.26000213623047,14.5
434,2024-08-09,108.26000213623047,-4.0
435,2024-08-16,102.80999755859375,-5.450004577636719
436,2024-08-23,105.62999725341797,2.8199996948242188
437,2024-08-30,107.7699966430664,2.1399993896484375
438,2024-09-06,107.23999786376953,-0.529998779296875
439,2024-09-13,100.5999984741211,-6.6399993896484375
440,2024-09-20,91.0,-9.599998474121094
441,2024-09-27,92.52999877929688,1.529998779296875
442,2024-10-04,100.1500015258789,7.620002746582031
443,2024-10-11,118.47000122070312,18.31999969482422
444,2024-10-18,123.12999725341797,4.659996032714844
445,2024-10-25,128.39999389648438,5.269996643066406
446,2024-11-01,132.5800018310547,4.1800079345703125
447,2024-11-08,99.8499984741211,-32.730003356933594
448,2024-11-15,102.47000122070312,2.6200027465820312
449,2024-11-22,99.13999938964844,-3.3300018310546875
450,2024-11-29,95.22000122070312,-3.9199981689453125
451,2024-12-06,83.19999694824219,-12.020004272460938
452,2024-12-13,85.66000366210938,2.4600067138671875
453,2024-12-20,91.75,6.089996337890625
454,2024-12-27,94.80000305175781,3.0500030517578125
455,2025-01-03,93.3499984741211,-1.4500045776367188
456,2025-01-10,96.56999969482422,3.220001220703125
457,2025-01-17,95.5999984741211,-0.970001220703125
458,2025-01-24,86.75,-8.849998474121094
459,2025-01-31,91.76000213623047,5.010002136230469
460,2025-02-07,93.12999725341797,1.3699951171875
461,2025-02-14,84.66999816894531,-8.459999084472656
462,2025-02-21,91.83000183105469,7.160003662109375
463,2025-02-28,104.45999908447266,12.629997253417969
464,2025-03-07,104.41000366210938,-0.04999542236328125
465,2025-03-14,101.01000213623047,-3.4000015258789062
466,2025-03-21,94.54000091552734,-6.470001220703125
467,2025-03-28,96.83000183105469,2.2900009155273438
468,2025-04-04,125.70999908447266,28.87999725341797
469,2025-04-11,137.25999450683594,11.549995422363281
470,2025-04-18,114.63999938964844,-22.6199951171875
471,2025-04-25,105.79000091552734,-8.849998474121094
472,2025-05-02,101.4000015258789,-4.3899993896484375
473,2025-05-09,100.4000015258789,-1.0
474,2025-05-16,96.69999694824219,-3.7000045776367188
475,2025-05-23,100.91000366210938,4.2100067138671875
476,2025-05-30,92.11000061035156,-8.800003051757812
477,2025-06-06,89.6500015258789,-2.4599990844726562
478,2025-06-13,95.30999755859375,5.659996032714844
479,2025-06-20,90.0999984741211,-5.209999084472656
480,2025-06-27,87.93000030517578,-2.1699981689453125
481,2025-07-04,86.08999633789062,-1.8400039672851562
482,2025-07-11,85.4800033569336,-0.6099929809570312
483,2025-07-18,83.29000091552734,-2.19000244140625
484,2025-07-25,82.08999633789062,-1.2000045776367188
485,2025-08-01,83.83000183105469,1.7400054931640625
486,2025-08-08,79.19999694824219,-4.6300048828125
487,2025-08-15,76.66000366210938,-2.5399932861328125
488,2025-08-22,78.0999984741211,1.4399948120117188
489,2025-08-29,79.38999938964844,1.2900009155273438
490,2025-09-05,85.29000091552734,5.900001525878906
491,2025-09-12,73.37000274658203,-11.919998168945312
492,2025-09-19,72.51000213623047,-0.8600006103515625
493,2025-09-26,74.37999725341797,1.8699951171875
494,2025-10-03,69.52999877929688,-4.849998474121094
495,2025-10-10,81.6500015258789,12.120002746582031
496,2025-10-17,78.62000274658203,-3.029998779296875
497,2025-10-24,68.94000244140625,-9.680000305175781
498,2025-10-31,66.61000061035156,-2.3300018310546875
499,2025-11-07,74.41000366210938,7.8000030517578125
500,2025-11-14,79.70999908447266,5.299995422363281
501,2025-11-21,78.80999755859375,-0.9000015258789062
502,2025-11-28,68.94999694824219,-9.860000610351562
503,2025-12-05,67.27999877929688,-1.6699981689453125
504,2025-12-12,69.25,1.970001220703125
505,2025-12-19,59.40999984741211,-9.84000015258789
506,2025-12-26,58.5,-0.9099998474121094
507,2026-01-02,62.36000061035156,3.8600006103515625
508,2026-01-09,61.54999923706055,-0.8100013732910156
509,2026-01-16,58.04999923706055,-3.5
510,2026-01-23,56.25,-1.7999992370605469
511,2026-01-30,59.20000076293945,2.950000762939453
512,2026-02-06,63.619998931884766,4.4199981689453125
513,2026-02-13,70.0999984741211,6.479999542236328
514,2026-02-20,64.2699966430664,-5.8300018310546875
515,2026-02-27,73.37999725341797,9.110000610351562
516,2026-03-06,81.26000213623047,7.8800048828125
517,2026-03-13,91.16999816894531,9.909996032714844
518,2026-03-20,108.83999633789062,17.669998168945312
519,2026-03-27,111.94999694824219,3.1100006103515625
520,2026-04-03,84.41000366210938,-27.539993286132812
521,2026-04-10,72.1500015258789,-12.260002136230469
