,volatility
AGG,0.0032652019823546726
BND,0.0032863349846853607
VCIT,0.0036221417994625298
BNDX,0.002437647387725886
VCSH,0.001806156635343372
BSV,0.0018734826730288337
LQD,0.005269750050079654
TIP,0.003884320211786271
MBB,0.0028881079019820815
MUB,0.003385520070580081
IGSB,0.002560718920164898
SCHP,0.0035227645117952696
HYG,0.00689392112758466
EMB,0.006802373474875041
SHY,0.0009586554046963332
JPST,0.0005922700694071389
VTIP,0.0016021774112490188
IUSB,0.003061683702560328
GOVT,0.003029158559244476
IEF,0.004295040529510343
TLT,0.00903147983732414
VMBS,0.003122104966633864
BIV,0.0037432634634142047
VTEB,0.0032331794679753725
MINT,0.0005334563886468756
VGSH,0.0008735794530562217
SHV,0.00022135676126067188
BIL,0.00030949748293569105
IGIB,0.00349777924782649
IEI,0.002591692049113949
JNK,0.007244176491777518
VGIT,0.0027708186640829505
SCHZ,0.0030109735653465726
SCHO,0.0008505726659982398
USHY,0.005233363209424885
SRLN,0.0034355734580455385
SPSB,0.0016614088202068008
STIP,0.0014270146461989345
CWB,0.008225965168727872
BKLN,0.003668194590865812
FLOT,0.0022010482057099236
HYLB,0.005190049488898906
LMBS,0.0016794554363640777
USIG,0.004646915312828779
SPAB,0.0038921431458378074
SUB,0.0023878083623339323
ISTB,0.0015245105104722643
BLV,0.007279320816929243
SPIB,0.002775840670510944
ICSH,0.0007575448253474036
SHYG,0.0038362219391195993
VCLT,0.007368783114915505
ANGL,0.0058595758715542234
FIXD,0.0036737600949223116
SHM,0.002394395281539953
FALN,0.005668141074243891
NEAR,0.0014176267706438833
SJNK,0.0037198789566318933
SPTL,0.008626143460635923
FTSM,0.0013759925130120774
BOND,0.0029739998661554804
TFI,0.003774619732094622
SPMB,0.004339035810353157
SCHR,0.002741175741783731
IAGG,0.0025390998360766566
HYD,0.006970157295580241
IVOL,0.007617979272673095
EMLC,0.006385783988733455
SPTS,0.0018652369060100764
SPIP,0.004257986948256079
TOTL,0.002885262660012138
SPTI,0.002901910185340175
VWOB,0.005458117297342705
GSY,0.002681354101058061
FTSL,0.002987967728334243
VNLA,0.0008682288319079969
PCY,0.010113997728665456
IGLB,0.007232970153256685
VGLT,0.008483948739121241
PZA,0.0047478016239132685
SLQD,0.0018858732010000004
GVI,0.002382074836169662
BAB,0.005798063171218351
FLRN,0.003143149953446139
FMB,0.0028247470390424575
HYLS,0.00409836600199227
JMST,0.0007219922493331825
FBND,0.0036742905209304552
PULS,0.0008434046797549034
CMF,0.005305989878655466
ITM,0.004540030030066043
VUSB,0.0005207458548502492
HYMB,0.006223922893640076
ICVT,0.009711969127286108
HYS,0.003926675025876773
GBIL,0.00029762594604526896
USFR,0.0009261422139322347
FLCB,0.00348708728489222
EAGG,0.003482027663439488
TBT,0.018909596196775357
TLH,0.006636253117652893
TDTT,0.002018874069712504
PTBD,0.004959066459119382
HYEM,0.005561235574415012
EBND,0.005889652347342797
EDV,0.014113946440952244
STPZ,0.001718891818879526
LDUR,0.00205243518761176
DIAL,0.004450860932697184
QLTA,0.004011729635788734
IGOV,0.005497102514006995
UITB,0.003146533743707597
AGGY,0.0033858779748447794
SUSB,0.002360204833612824
IGHG,0.004456430195893559
HTRB,0.0035237199254046832
TIPX,0.0029113948467149094
FLCO,0.004326066741144867
GTO,0.0037747267858749575
PHB,0.0060277996623244855
SPLB,0.007572345071474876
BWX,0.0056313198019447225
LTPZ,0.008964923681543478
HYDW,0.004422604602378599
SUSC,0.004833763076854241
IBDR,0.0030844704535049183
JMBS,0.003488776693353486
CORP,0.004036299236646826
IGBH,0.005843081684203718
CMBS,0.0034664265707245057
SGOV,0.0001497279060492085
GIGB,0.004857924456101891
AGZ,0.0021962532466532933
UCON,0.00372985729589762
FLTR,0.0030520335780737187
TDTF,0.0030334970171640137
LQDH,0.003938621988831046
VTC,0.004868325236921777
TBF,0.009256657442111188
MUNI,0.002232776382777413
SCHJ,0.002627327162800729
BSCQ,0.0030271805437313646
HYGV,0.0058504132526227565
BNDW,0.0030979447639465714
PWZ,0.004486154189891566
SPHY,0.0049427249439258705
EUSB,0.0034371849314398712
NYF,0.004207859286936156
SMMU,0.0015982364031621053
IBDS,0.0035251436934135485
LEMB,0.005880472615243581
CEMB,0.0046293640770561735
IG,0.004648191150752833
MMIN,0.0044199205005122436
GNMA,0.0035053663468163966
EMHY,0.006282911052999453
VRIG,0.0024119418911330392
ULST,0.0009348167645024554
FTSD,0.0010803379227058733
WIP,0.0065269802683424775
GBF,0.0033048752614908464
SHYD,0.005664306938372023
VBND,0.003344648325356233
GOVZ,0.014846091504333773
FLGV,0.0032648844943444525
SPBO,0.004615565327133656
ZROZ,0.014674515428772022
BSCR,0.003398550399726535
TMF,0.028395566979934946
NUAG,0.003469899437754891
RAVI,0.0007736194541202772
ILTB,0.0071301875586446085
FMHI,0.003627925147621389
SCHI,0.004696416421497109
TMV,0.028548979617237253
SMB,0.003055976842638567
GSST,0.0005484528258180711
SKOR,0.0030777748162232675
JPIB,0.0027699940348200943
IBDT,0.004051604811663537
FDHY,0.005103540497114805
MEAR,0.0009594067816852314
FLTB,0.0018408787599640294
FCOR,0.0043274964317110785
FCVT,0.009443017279838513
DEED,0.0037957000491091113
USTB,0.0012706287098284538
FEMB,0.007070538452715427
NUBD,0.003235313079701177
HCRB,0.003776920726031436
JAAA,0.0010563910279902614
VCEB,0.0042249020026887555
TFLO,0.001255975587680669
BGRN,0.003165486135583955
MLN,0.0057555696758749796
MMIT,0.002664422206122473
GCOR,0.0035065388820831995
IBD,0.004250716446544601
PGHY,0.004386001733425362
FLDR,0.003343771557954184
BSCS,0.0039686053784121385
AGZD,0.0024361085530119667
TIPZ,0.0036886045645516193
HMOP,0.0027006757610109323
FLIA,0.0029429173176894943
XMPT,0.006284175975390538
BWZ,0.0048569129362088905
LDSF,0.0020181336587495324
TTT,0.02669154875119876
GHYB,0.005266105149596187
BKAG,0.0035171809874414393
GHYG,0.005268584768184631
STOT,0.001390090851642362
HYZD,0.005538507246246643
TAXF,0.002948165083240977
EMHC,0.005690048760211878
OPER,0.0008360459068411023
FUMB,0.001120892332064525
EMNT,0.0005478412840758441
FSMB,0.001854589225310073
JCPB,0.0032135398954989155
HYDB,0.004926448639681982
SHAG,0.001616799702900097
FLHY,0.005163856426335885
IGEB,0.004127575528710382
IBND,0.005861582953665334
GTIP,0.003819320741961525
JSCP,0.001616465062312963
RVNU,0.004765228274578815
KORP,0.003101120945200134
BYLD,0.0032881720118505247
IBDU,0.004658370307631867
OVB,0.004810367293559372
RIGS,0.004596044505245379
HYHG,0.005774430926574447
HYGH,0.00537173828968581
IBDV,0.0039935345518785715
BSJQ,0.005372313468424833
AFIF,0.003998681321217106
EMBD,0.005642472920310562
IMTB,0.00326956661973027
BNDC,0.005121027836052924
PICB,0.006014127761703575
IBMO,0.002875807625006385
HYXF,0.005268602228823564
FLMB,0.0035340669799583764
ELD,0.006622583435525264
TBX,0.004524058857438105
BSCT,0.004619529678798924
PZT,0.005089534605742243
RFCI,0.0031198429835535856
CBON,0.0036153653401463236
FCAL,0.0033287983440098297
HTAB,0.003197233319070162
MBSD,0.0026677243625903646
IHY,0.004807948584015916
IIGD,0.002363281906784813
NUHY,0.00540349067015283
FISR,0.004021876368885777
JMUB,0.0026200640212116055
GRNB,0.0030871915838504814
EMTL,0.002943695462155621
HYBB,0.004247506183674908
AVIG,0.003809346327196195
SCHQ,0.009736625002470287
SHYL,0.004245569066384637
FFIU,0.004550139971682434
LQDI,0.006890506367895739
IBMQ,0.0035292801341137406
ISHG,0.004868414274263382
JPMB,0.006112575231347021
PST,0.008790894312599265
RDFI,0.005026011522313692
PHYL,0.004842777456386469
IBMP,0.00318580014929525
LKOR,0.008135559935659013
SJB,0.0053861729783897866
EMCB,0.005128497371707479
FLMI,0.002983523821458972
FLBL,0.003634443836760825
ARCM,0.0019858717099847847
PBTP,0.001687178117056477
SEIX,0.002765576417417755
PVI,0.0011882667031199471
UBT,0.018639823429416263
PFIG,0.0033394333347510946
BKHY,0.004681908252450599
OVT,0.002884444761416288
PIFI,0.0022073307441400564
BSJR,0.005963568766401625
MBND,0.0021602939353562896
XOVR,0.017000713082434817
THY,0.0028355868843471647
NUSA,0.0017220232533222033
AVSF,0.0015992770729100685
IHYF,0.0035097136565684453
MTGP,0.0033388417302224146
SPSK,0.0034816801808574475
FLRT,0.003855861751335457
LGOV,0.005828409976713716
IBTH,0.0026802989973292845
UJB,0.013054843661402037
TYO,0.012892933151544772
BSCU,0.0041209333257813605
AVMU,0.0025226156575835074
BSMQ,0.0030157160879544483
INMU,0.0022521069844105425
GSIG,0.001715818418677452
KHYB,0.0036047248150571647
TYD,0.013611965548509092
HYUP,0.006178804160620238
NFLT,0.003083843493371988
RTAI,0.005722307924972755
JHCB,0.004367495937613892
IBHF,0.0036085121920468545
UST,0.00822689183298326
IBTI,0.0032949333088029714
BSMS,0.0035840685895420425
BSMR,0.003541798436462106
IBTJ,0.0038138758375552695
ADFI,0.0037346440436924577
IBTG,0.0021989791381894974
VABS,0.0014265341478764486
BSMT,0.0040835079144092255
BSJS,0.004550248601414725
MIG,0.003940849592060414
OVM,0.004152776657620634
BSMU,0.0032069814296703655
FIGB,0.003910957482422818
AAA,0.0013412899313636664
BILS,0.00018823497125748355
MBBB,0.003947644442140484
FSEC,0.004200336164674755
TFJL,0.005734866212770985
HYTR,0.003715389550540195
TBJL,0.0068095122994145385
FLUD,0.0007987268405180298
IBTK,0.004180228393500709
MINN,0.0031698130204228956
HISF,0.007257514744371724
BBAG,0.0036693016019833454
BBCB,0.0047212027057778215
BBHY,0.004770540380933195
FXED,0.005429195895367856
GOVI,0.005999768941193832
TBLL,0.00035422206326294893
VSHY,0.0035089771856180157
